"country","total","family","employment","immediate_relatives","diversity","refugee","other","year"
"Afghanistan",3165,322,934,913,38,950,8,2007
"Albania",5137,173,92,1945,1948,966,13,2007
"Algeria",1485,41,85,449,837,62,11,2007
"American Samoa",19,0,0,15,0,0,1,2007
"Angola",173,20,13,92,6,42,0,2007
"Anguilla",21,0,0,11,0,0,0,2007
"Antigua-Barbuda",437,134,0,295,0,0,1,2007
"Argentina",5780,160,1635,3413,52,498,22,2007
"Armenia",3442,160,190,1044,911,1100,37,2007
"Aruba",38,0,4,27,4,0,0,2007
"Australia",2622,51,759,1616,187,4,5,2007
"Austria",512,14,169,256,50,17,6,2007
"Azerbaijan",834,36,55,280,152,299,12,2007
"Bahamas",751,85,49,594,3,5,15,2007
"Bahrain",120,13,60,41,0,0,0,2007
"Bangladesh",16651,7326,957,5128,2928,232,80,2007
"Barbados",603,140,47,411,3,0,2,2007
"Belarus",2407,55,205,744,664,623,116,2007
"Belgium",686,16,291,323,42,13,1,2007
"Belize",1041,244,42,742,3,3,7,2007
"Benin",401,0,16,170,161,50,0,2007
"Bermuda",108,3,21,83,0,0,1,2007
"Bhutan",594,0,9,14,6,565,0,2007
"Bolivia",2837,332,563,1715,46,169,12,2007
"Bosnia-Herzegovina",1501,20,98,728,53,596,6,2007
"Botswana",55,3,10,31,5,6,0,2007
"Brazil",14701,262,3292,10658,6,422,61,2007
"British Virgin Islands",46,20,4,21,0,0,1,2007
"Brunei",26,3,12,8,0,0,0,2007
"Bulgaria",3133,84,444,1625,765,200,15,2007
"Burkina Faso",416,4,20,224,94,68,6,2007
"Burma",13621,399,111,628,258,12221,4,2007
"Burundi",1505,0,5,33,20,1442,5,2007
"Cambodia",3771,383,63,3063,72,166,24,2007
"Cameroon",3463,54,122,973,1386,912,16,2007
"Canada",16140,635,6927,8203,67,38,270,2007
"Cape Verde",2238,880,17,1327,8,3,3,2007
"Cayman Islands",45,0,7,32,0,0,0,2007
"Central African Republic",107,0,0,20,0,84,0,2007
"Chad",102,0,4,24,12,61,1,2007
"Chile",2250,144,435,1531,19,112,9,2007
"China, People's Republic",64238,11013,11295,23244,28,18486,172,2007
"Colombia",27849,3127,2850,17551,10,4227,84,2007
"Congo, Democratic Republic",2122,17,34,99,419,1550,3,2007
"Congo, Republic",1563,20,26,198,300,1013,6,2007
"Costa Rica",2384,134,227,1918,0,95,0,2007
"Cote d'Ivoire",2159,46,47,656,207,1120,83,2007
"Croatia",496,11,105,263,33,81,3,2007
"Cuba",38954,1022,13,3385,183,34301,50,2007
"Cyprus",142,10,55,69,0,0,0,2007
"Czech Republic",146,8,55,60,15,4,4,2007
"Czechoslovakia (former)",865,14,125,691,20,13,2,2007
"Denmark",603,8,304,270,17,0,0,2007
"Djibouti",54,0,0,24,0,14,0,2007
"Dominica",484,88,0,383,9,0,1,2007
"Dominican Republic",49414,20611,408,28212,16,135,32,2007
"Ecuador",12128,3098,1339,7349,18,250,74,2007
"Egypt",8844,668,755,3175,3336,867,43,2007
"El Salvador",19909,6823,836,8628,0,705,2917,2007
"Equatorial Guinea",32,0,0,0,0,23,0,2007
"Eritrea",1928,57,63,365,293,1146,4,2007
"Estonia",282,15,32,172,18,39,6,2007
"Ethiopia",15462,560,169,6503,3829,4382,19,2007
"Fiji",1194,222,21,532,282,134,3,2007
"Finland",423,8,174,218,18,4,1,2007
"France",4491,89,2061,2043,241,43,14,2007
"French Guiana",18,0,0,12,0,0,0,2007
"French Polynesia",30,0,3,27,0,0,0,2007
"Gabon",171,0,10,84,8,69,0,2007
"Gambia",978,26,37,656,13,195,51,2007
"Georgia",1578,19,135,755,306,348,15,2007
"Germany",7583,185,2251,4118,908,89,32,2007
"Ghana",8401,404,369,5455,1819,342,12,2007
"Greece",798,28,169,506,71,18,6,2007
"Grenada",748,157,28,559,0,0,0,2007
"Guadeloupe",32,0,0,23,0,0,0,2007
"Guatemala",12187,2791,700,5587,0,1002,2107,2007
"Guinea",1725,15,32,424,100,1099,55,2007
"Guinea-Bissau",20,0,0,17,0,3,0,2007
"Guyana",6670,3298,161,3140,24,28,19,2007
"Haiti",24280,7133,149,11021,0,5402,575,2007
"Honduras",6404,1772,463,3737,12,245,175,2007
"Hong Kong",2651,1101,657,842,37,7,7,2007
"Hungary",1314,29,244,912,108,12,9,2007
"Iceland",131,0,56,70,0,0,0,2007
"India",57304,12911,20264,21532,63,2228,306,2007
"Indonesia",3679,189,626,1627,111,1086,40,2007
"Iran",18553,2410,1200,4054,1057,9804,28,2007
"Iraq",12110,488,2347,1251,64,7948,12,2007
"Ireland",1637,10,494,1066,53,3,11,2007
"Israel",5612,216,2034,3169,84,87,22,2007
"Italy",2892,111,845,1699,167,54,16,2007
"Jamaica",21783,4833,593,16290,6,24,37,2007
"Japan",7690,105,2502,4832,217,18,16,2007
"Jordan",4282,1077,178,2728,51,228,20,2007
"Kazakhstan",1562,22,129,907,159,269,76,2007
"Kenya",9880,190,521,3146,2324,3677,22,2007
"Kiribati",10,0,0,6,4,0,0,2007
"Korea, North",67,0,0,21,0,42,0,2007
"Korea, South",25859,1660,14147,9990,7,12,43,2007
"Kuwait",1124,278,165,526,37,116,2,2007
"Kyrgyzstan",574,5,26,247,126,128,42,2007
"Laos",1688,80,69,1108,0,427,0,2007
"Latvia",444,7,39,306,30,51,11,2007
"Lebanon",3831,977,574,2056,82,137,5,2007
"Lesotho",14,0,0,0,0,0,1,2007
"Liberia",7641,210,57,1058,751,5524,41,2007
"Libya",296,16,34,189,32,23,2,2007
"Lithuania",1069,30,102,808,96,26,7,2007
"Luxembourg",30,0,18,9,0,0,0,2007
"Macau",158,93,22,40,0,0,0,2007
"Macedonia",1128,148,65,660,192,55,8,2007
"Madagascar",71,0,11,39,12,0,0,2007
"Malawi",164,5,20,119,13,6,1,2007
"Malaysia",2014,99,751,850,24,287,3,2007
"Mali",576,6,20,338,36,110,66,2007
"Malta",58,3,16,36,0,3,0,2007
"Marshall Islands",48,3,7,38,0,0,0,2007
"Martinique",24,7,9,8,0,0,0,2007
"Mauritania",597,0,5,76,0,506,4,2007
"Mauritius",110,9,40,47,9,5,0,2007
"Mexico",164920,57177,8660,96187,12,466,2418,2007
"Micronesia, Federated States",16,0,6,10,0,0,0,2007
"Moldova",2295,34,93,582,240,969,377,2007
"Mongolia",831,0,88,357,146,233,0,2007
"Montserrat",43,0,0,28,0,0,0,2007
"Morocco",5447,226,258,2834,2100,21,8,2007
"Mozambique",66,0,22,38,0,0,2,2007
"Namibia",53,0,11,31,0,11,0,2007
"Nepal",4514,145,751,1013,1778,812,15,2007
"Netherlands",1499,42,607,750,87,6,7,2007
"Netherlands Antilles",97,13,9,69,6,0,0,2007
"New Caledonia",13,0,0,13,0,0,0,2007
"New Zealand",947,22,264,585,72,0,0,2007
"Nicaragua",4137,874,73,2816,20,192,162,2007
"Niger",183,3,5,156,14,5,0,2007
"Nigeria",15253,1394,793,9086,3720,215,45,2007
"Norway",407,7,114,267,15,0,0,2007
"Oman",74,3,26,26,16,3,0,2007
"Pakistan",21555,8694,3184,8800,14,808,55,2007
"Palau",16,0,0,0,0,0,0,2007
"Panama",1806,252,96,1390,9,54,5,2007
"Papua New Guinea",19,0,0,14,0,0,0,2007
"Paraguay",530,28,76,402,3,19,2,2007
"Peru",16957,2714,1361,11900,5,887,90,2007
"Philippines",60029,14286,8516,37037,4,108,78,2007
"Poland",8754,1619,1351,5688,11,30,55,2007
"Portugal",946,80,147,694,12,7,6,2007
"Qatar",134,17,28,72,3,14,0,2007
"Romania",4910,250,962,3163,389,126,20,2007
"Russia",8238,220,1916,3596,208,2214,84,2007
"Rwanda",952,0,5,53,29,865,0,2007
"Saint Kitts-Nevis",310,101,0,194,0,0,0,2007
"Saint Lucia",1027,172,29,821,4,0,1,2007
"Saint Vincent and the Grenadines",591,126,0,448,0,0,0,2007
"Samoa",250,19,5,219,6,0,1,2007
"Sao Tome and Principe",11,0,0,7,0,0,0,2007
"Saudi Arabia",1418,279,226,687,104,117,5,2007
"Senegal",1524,68,78,1055,129,162,32,2007
"Serbia and Montenegro1",3166,132,255,1782,297,684,16,2007
"Seychelles",10,0,0,6,0,0,0,2007
"Sierra Leone",2687,90,26,905,499,1147,20,2007
"Singapore",832,42,426,339,15,6,4,2007
"Slovakia",706,20,184,447,49,3,3,2007
"Slovenia",108,0,20,76,5,6,1,2007
"Somalia",13390,30,11,665,42,12628,14,2007
"South Africa",3171,71,1307,1497,272,14,10,2007
"Soviet Union (former)",5911,62,232,4909,10,413,285,2007
"Spain",1769,26,598,995,60,86,4,2007
"Sri Lanka",2009,128,506,576,524,271,4,2007
"Sudan",3577,31,28,685,443,2380,10,2007
"Suriname",227,52,0,142,0,0,1,2007
"Swaziland",42,0,8,29,0,0,0,2007
"Sweden",1138,29,403,647,47,9,3,2007
"Switzerland",798,21,335,346,81,10,5,2007
"Syria",2442,652,372,1213,25,173,7,2007
"Taiwan",8038,1884,2519,3372,251,5,7,2007
"Tajikistan",265,6,14,110,79,45,11,2007
"Tanzania",2773,78,120,473,90,2008,4,2007
"Thailand",10444,218,585,4733,49,4827,32,2007
"Togo",1680,74,18,476,411,698,3,2007
"Tonga",379,84,3,256,29,0,7,2007
"Trinidad and Tobago",6256,1199,382,4562,66,15,32,2007
"Tunisia",416,11,50,297,48,7,3,2007
"Turkey",4958,163,1295,2325,1036,129,10,2007
"Turkmenistan",290,0,0,104,71,87,1,2007
"Turks and Caicos Islands",31,6,0,25,0,0,0,2007
"Uganda",1364,72,114,553,158,461,6,2007
"Ukraine",11223,306,808,4340,1579,2964,1226,2007
"United Arab Emirates",697,150,185,250,55,53,4,2007
"United Kingdom",15748,474,7044,8024,136,14,56,2007
"United States",181,14,23,104,4,14,22,2007
"Uruguay",1775,50,196,1363,3,161,2,2007
"Uzbekistan",5467,41,118,835,2492,1951,30,2007
"Venezuela",11154,395,2915,5435,227,2152,30,2007
"Vietnam",29234,12748,0,13038,0,2535,498,2007
"Yemen",3134,363,28,2510,40,186,7,2007
"Zambia",704,22,86,474,44,70,8,2007
"Zimbabwe",983,13,217,467,66,210,10,2007
"All other countries",55,2,14,32,4,2,1,2007
"Unknown",1366,127,147,736,51,274,31,2007
"Afghanistan",3165,322,934,913,38,950,8,2008
"Albania",5137,173,92,1945,1948,966,13,2008
"Algeria",1485,41,85,449,837,62,11,2008
"American Samoa",19,0,0,15,0,0,1,2008
"Angola",173,20,13,92,6,42,0,2008
"Anguilla",21,0,0,11,0,0,0,2008
"Antigua-Barbuda",437,134,0,295,0,0,1,2008
"Argentina",5780,160,1635,3413,52,498,22,2008
"Armenia",3442,160,190,1044,911,1100,37,2008
"Aruba",38,0,4,27,4,0,0,2008
"Australia",2622,51,759,1616,187,4,5,2008
"Austria",512,14,169,256,50,17,6,2008
"Azerbaijan",834,36,55,280,152,299,12,2008
"Bahamas",751,85,49,594,3,5,15,2008
"Bahrain",120,13,60,41,0,0,0,2008
"Bangladesh",16651,7326,957,5128,2928,232,80,2008
"Barbados",603,140,47,411,3,0,2,2008
"Belarus",2407,55,205,744,664,623,116,2008
"Belgium",686,16,291,323,42,13,1,2008
"Belize",1041,244,42,742,3,3,7,2008
"Benin",401,0,16,170,161,50,0,2008
"Bermuda",108,3,21,83,0,0,1,2008
"Bhutan",594,0,9,14,6,565,0,2008
"Bolivia",2837,332,563,1715,46,169,12,2008
"Bosnia-Herzegovina",1501,20,98,728,53,596,6,2008
"Botswana",55,3,10,31,5,6,0,2008
"Brazil",14701,262,3292,10658,6,422,61,2008
"British Virgin Islands",46,20,4,21,0,0,1,2008
"Brunei",26,3,12,8,0,0,0,2008
"Bulgaria",3133,84,444,1625,765,200,15,2008
"Burkina Faso",416,4,20,224,94,68,6,2008
"Burma",13621,399,111,628,258,12221,4,2008
"Burundi",1505,0,5,33,20,1442,5,2008
"Cambodia",3771,383,63,3063,72,166,24,2008
"Cameroon",3463,54,122,973,1386,912,16,2008
"Canada",16140,635,6927,8203,67,38,270,2008
"Cape Verde",2238,880,17,1327,8,3,3,2008
"Cayman Islands",45,0,7,32,0,0,0,2008
"Central African Republic",107,0,0,20,0,84,0,2008
"Chad",102,0,4,24,12,61,1,2008
"Chile",2250,144,435,1531,19,112,9,2008
"China, People's Republic",64238,11013,11295,23244,28,18486,172,2008
"Colombia",27849,3127,2850,17551,10,4227,84,2008
"Congo, Democratic Republic",2122,17,34,99,419,1550,3,2008
"Congo, Republic",1563,20,26,198,300,1013,6,2008
"Costa Rica",2384,134,227,1918,0,95,0,2008
"Cote d'Ivoire",2159,46,47,656,207,1120,83,2008
"Croatia",496,11,105,263,33,81,3,2008
"Cuba",38954,1022,13,3385,183,34301,50,2008
"Cyprus",142,10,55,69,0,0,0,2008
"Czech Republic",146,8,55,60,15,4,4,2008
"Czechoslovakia (former)",865,14,125,691,20,13,2,2008
"Denmark",603,8,304,270,17,0,0,2008
"Djibouti",54,0,0,24,0,14,0,2008
"Dominica",484,88,0,383,9,0,1,2008
"Dominican Republic",49414,20611,408,28212,16,135,32,2008
"Ecuador",12128,3098,1339,7349,18,250,74,2008
"Egypt",8844,668,755,3175,3336,867,43,2008
"El Salvador",19909,6823,836,8628,0,705,2917,2008
"Equatorial Guinea",32,0,0,0,0,23,0,2008
"Eritrea",1928,57,63,365,293,1146,4,2008
"Estonia",282,15,32,172,18,39,6,2008
"Ethiopia",15462,560,169,6503,3829,4382,19,2008
"Fiji",1194,222,21,532,282,134,3,2008
"Finland",423,8,174,218,18,4,1,2008
"France",4491,89,2061,2043,241,43,14,2008
"French Guiana",18,0,0,12,0,0,0,2008
"French Polynesia",30,0,3,27,0,0,0,2008
"Gabon",171,0,10,84,8,69,0,2008
"Gambia",978,26,37,656,13,195,51,2008
"Georgia",1578,19,135,755,306,348,15,2008
"Germany",7583,185,2251,4118,908,89,32,2008
"Ghana",8401,404,369,5455,1819,342,12,2008
"Greece",798,28,169,506,71,18,6,2008
"Grenada",748,157,28,559,0,0,0,2008
"Guadeloupe",32,0,0,23,0,0,0,2008
"Guatemala",12187,2791,700,5587,0,1002,2107,2008
"Guinea",1725,15,32,424,100,1099,55,2008
"Guinea-Bissau",20,0,0,17,0,3,0,2008
"Guyana",6670,3298,161,3140,24,28,19,2008
"Haiti",24280,7133,149,11021,0,5402,575,2008
"Honduras",6404,1772,463,3737,12,245,175,2008
"Hong Kong",2651,1101,657,842,37,7,7,2008
"Hungary",1314,29,244,912,108,12,9,2008
"Iceland",131,0,56,70,0,0,0,2008
"India",57304,12911,20264,21532,63,2228,306,2008
"Indonesia",3679,189,626,1627,111,1086,40,2008
"Iran",18553,2410,1200,4054,1057,9804,28,2008
"Iraq",12110,488,2347,1251,64,7948,12,2008
"Ireland",1637,10,494,1066,53,3,11,2008
"Israel",5612,216,2034,3169,84,87,22,2008
"Italy",2892,111,845,1699,167,54,16,2008
"Jamaica",21783,4833,593,16290,6,24,37,2008
"Japan",7690,105,2502,4832,217,18,16,2008
"Jordan",4282,1077,178,2728,51,228,20,2008
"Kazakhstan",1562,22,129,907,159,269,76,2008
"Kenya",9880,190,521,3146,2324,3677,22,2008
"Kiribati",10,0,0,6,4,0,0,2008
"Korea, North",67,0,0,21,0,42,0,2008
"Korea, South",25859,1660,14147,9990,7,12,43,2008
"Kuwait",1124,278,165,526,37,116,2,2008
"Kyrgyzstan",574,5,26,247,126,128,42,2008
"Laos",1688,80,69,1108,0,427,0,2008
"Latvia",444,7,39,306,30,51,11,2008
"Lebanon",3831,977,574,2056,82,137,5,2008
"Lesotho",14,0,0,0,0,0,1,2008
"Liberia",7641,210,57,1058,751,5524,41,2008
"Libya",296,16,34,189,32,23,2,2008
"Lithuania",1069,30,102,808,96,26,7,2008
"Luxembourg",30,0,18,9,0,0,0,2008
"Macau",158,93,22,40,0,0,0,2008
"Macedonia",1128,148,65,660,192,55,8,2008
"Madagascar",71,0,11,39,12,0,0,2008
"Malawi",164,5,20,119,13,6,1,2008
"Malaysia",2014,99,751,850,24,287,3,2008
"Mali",576,6,20,338,36,110,66,2008
"Malta",58,3,16,36,0,3,0,2008
"Marshall Islands",48,3,7,38,0,0,0,2008
"Martinique",24,7,9,8,0,0,0,2008
"Mauritania",597,0,5,76,0,506,4,2008
"Mauritius",110,9,40,47,9,5,0,2008
"Mexico",164920,57177,8660,96187,12,466,2418,2008
"Micronesia, Federated States",16,0,6,10,0,0,0,2008
"Moldova",2295,34,93,582,240,969,377,2008
"Mongolia",831,0,88,357,146,233,0,2008
"Montserrat",43,0,0,28,0,0,0,2008
"Morocco",5447,226,258,2834,2100,21,8,2008
"Mozambique",66,0,22,38,0,0,2,2008
"Namibia",53,0,11,31,0,11,0,2008
"Nepal",4514,145,751,1013,1778,812,15,2008
"Netherlands",1499,42,607,750,87,6,7,2008
"Netherlands Antilles",97,13,9,69,6,0,0,2008
"New Caledonia",13,0,0,13,0,0,0,2008
"New Zealand",947,22,264,585,72,0,0,2008
"Nicaragua",4137,874,73,2816,20,192,162,2008
"Niger",183,3,5,156,14,5,0,2008
"Nigeria",15253,1394,793,9086,3720,215,45,2008
"Norway",407,7,114,267,15,0,0,2008
"Oman",74,3,26,26,16,3,0,2008
"Pakistan",21555,8694,3184,8800,14,808,55,2008
"Palau",16,0,0,0,0,0,0,2008
"Panama",1806,252,96,1390,9,54,5,2008
"Papua New Guinea",19,0,0,14,0,0,0,2008
"Paraguay",530,28,76,402,3,19,2,2008
"Peru",16957,2714,1361,11900,5,887,90,2008
"Philippines",60029,14286,8516,37037,4,108,78,2008
"Poland",8754,1619,1351,5688,11,30,55,2008
"Portugal",946,80,147,694,12,7,6,2008
"Qatar",134,17,28,72,3,14,0,2008
"Romania",4910,250,962,3163,389,126,20,2008
"Russia",8238,220,1916,3596,208,2214,84,2008
"Rwanda",952,0,5,53,29,865,0,2008
"Saint Kitts-Nevis",310,101,0,194,0,0,0,2008
"Saint Lucia",1027,172,29,821,4,0,1,2008
"Saint Vincent and the Grenadines",591,126,0,448,0,0,0,2008
"Samoa",250,19,5,219,6,0,1,2008
"Sao Tome and Principe",11,0,0,7,0,0,0,2008
"Saudi Arabia",1418,279,226,687,104,117,5,2008
"Senegal",1524,68,78,1055,129,162,32,2008
"Serbia and Montenegro1",3166,132,255,1782,297,684,16,2008
"Seychelles",10,0,0,6,0,0,0,2008
"Sierra Leone",2687,90,26,905,499,1147,20,2008
"Singapore",832,42,426,339,15,6,4,2008
"Slovakia",706,20,184,447,49,3,3,2008
"Slovenia",108,0,20,76,5,6,1,2008
"Somalia",13390,30,11,665,42,12628,14,2008
"South Africa",3171,71,1307,1497,272,14,10,2008
"Soviet Union (former)",5911,62,232,4909,10,413,285,2008
"Spain",1769,26,598,995,60,86,4,2008
"Sri Lanka",2009,128,506,576,524,271,4,2008
"Sudan",3577,31,28,685,443,2380,10,2008
"Suriname",227,52,0,142,0,0,1,2008
"Swaziland",42,0,8,29,0,0,0,2008
"Sweden",1138,29,403,647,47,9,3,2008
"Switzerland",798,21,335,346,81,10,5,2008
"Syria",2442,652,372,1213,25,173,7,2008
"Taiwan",8038,1884,2519,3372,251,5,7,2008
"Tajikistan",265,6,14,110,79,45,11,2008
"Tanzania",2773,78,120,473,90,2008,4,2008
"Thailand",10444,218,585,4733,49,4827,32,2008
"Togo",1680,74,18,476,411,698,3,2008
"Tonga",379,84,3,256,29,0,7,2008
"Trinidad and Tobago",6256,1199,382,4562,66,15,32,2008
"Tunisia",416,11,50,297,48,7,3,2008
"Turkey",4958,163,1295,2325,1036,129,10,2008
"Turkmenistan",290,0,0,104,71,87,1,2008
"Turks and Caicos Islands",31,6,0,25,0,0,0,2008
"Uganda",1364,72,114,553,158,461,6,2008
"Ukraine",11223,306,808,4340,1579,2964,1226,2008
"United Arab Emirates",697,150,185,250,55,53,4,2008
"United Kingdom",15748,474,7044,8024,136,14,56,2008
"United States",181,14,23,104,4,14,22,2008
"Uruguay",1775,50,196,1363,3,161,2,2008
"Uzbekistan",5467,41,118,835,2492,1951,30,2008
"Venezuela",11154,395,2915,5435,227,2152,30,2008
"Vietnam",29234,12748,0,13038,0,2535,498,2008
"Yemen",3134,363,28,2510,40,186,7,2008
"Zambia",704,22,86,474,44,70,8,2008
"Zimbabwe",983,13,217,467,66,210,10,2008
"All other countries",55,2,14,32,4,2,1,2008
"Unknown",1366,127,147,736,51,274,31,2008
"Afghanistan",3165,322,934,913,38,950,8,2009
"Albania",5137,173,92,1945,1948,966,13,2009
"Algeria",1485,41,85,449,837,62,11,2009
"American Samoa",19,0,0,15,0,0,1,2009
"Angola",173,20,13,92,6,42,0,2009
"Anguilla",21,0,0,11,0,0,0,2009
"Antigua-Barbuda",437,134,0,295,0,0,1,2009
"Argentina",5780,160,1635,3413,52,498,22,2009
"Armenia",3442,160,190,1044,911,1100,37,2009
"Aruba",38,0,4,27,4,0,0,2009
"Australia",2622,51,759,1616,187,4,5,2009
"Austria",512,14,169,256,50,17,6,2009
"Azerbaijan",834,36,55,280,152,299,12,2009
"Bahamas",751,85,49,594,3,5,15,2009
"Bahrain",120,13,60,41,0,0,0,2009
"Bangladesh",16651,7326,957,5128,2928,232,80,2009
"Barbados",603,140,47,411,3,0,2,2009
"Belarus",2407,55,205,744,664,623,116,2009
"Belgium",686,16,291,323,42,13,1,2009
"Belize",1041,244,42,742,3,3,7,2009
"Benin",401,0,16,170,161,50,0,2009
"Bermuda",108,3,21,83,0,0,1,2009
"Bhutan",594,0,9,14,6,565,0,2009
"Bolivia",2837,332,563,1715,46,169,12,2009
"Bosnia-Herzegovina",1501,20,98,728,53,596,6,2009
"Botswana",55,3,10,31,5,6,0,2009
"Brazil",14701,262,3292,10658,6,422,61,2009
"British Virgin Islands",46,20,4,21,0,0,1,2009
"Brunei",26,3,12,8,0,0,0,2009
"Bulgaria",3133,84,444,1625,765,200,15,2009
"Burkina Faso",416,4,20,224,94,68,6,2009
"Burma",13621,399,111,628,258,12221,4,2009
"Burundi",1505,0,5,33,20,1442,5,2009
"Cambodia",3771,383,63,3063,72,166,24,2009
"Cameroon",3463,54,122,973,1386,912,16,2009
"Canada",16140,635,6927,8203,67,38,270,2009
"Cape Verde",2238,880,17,1327,8,3,3,2009
"Cayman Islands",45,0,7,32,0,0,0,2009
"Central African Republic",107,0,0,20,0,84,0,2009
"Chad",102,0,4,24,12,61,1,2009
"Chile",2250,144,435,1531,19,112,9,2009
"China, People's Republic",64238,11013,11295,23244,28,18486,172,2009
"Colombia",27849,3127,2850,17551,10,4227,84,2009
"Congo, Democratic Republic",2122,17,34,99,419,1550,3,2009
"Congo, Republic",1563,20,26,198,300,1013,6,2009
"Costa Rica",2384,134,227,1918,0,95,0,2009
"Cote d'Ivoire",2159,46,47,656,207,1120,83,2009
"Croatia",496,11,105,263,33,81,3,2009
"Cuba",38954,1022,13,3385,183,34301,50,2009
"Cyprus",142,10,55,69,0,0,0,2009
"Czech Republic",146,8,55,60,15,4,4,2009
"Czechoslovakia (former)",865,14,125,691,20,13,2,2009
"Denmark",603,8,304,270,17,0,0,2009
"Djibouti",54,0,0,24,0,14,0,2009
"Dominica",484,88,0,383,9,0,1,2009
"Dominican Republic",49414,20611,408,28212,16,135,32,2009
"Ecuador",12128,3098,1339,7349,18,250,74,2009
"Egypt",8844,668,755,3175,3336,867,43,2009
"El Salvador",19909,6823,836,8628,0,705,2917,2009
"Equatorial Guinea",32,0,0,0,0,23,0,2009
"Eritrea",1928,57,63,365,293,1146,4,2009
"Estonia",282,15,32,172,18,39,6,2009
"Ethiopia",15462,560,169,6503,3829,4382,19,2009
"Fiji",1194,222,21,532,282,134,3,2009
"Finland",423,8,174,218,18,4,1,2009
"France",4491,89,2061,2043,241,43,14,2009
"French Guiana",18,0,0,12,0,0,0,2009
"French Polynesia",30,0,3,27,0,0,0,2009
"Gabon",171,0,10,84,8,69,0,2009
"Gambia",978,26,37,656,13,195,51,2009
"Georgia",1578,19,135,755,306,348,15,2009
"Germany",7583,185,2251,4118,908,89,32,2009
"Ghana",8401,404,369,5455,1819,342,12,2009
"Greece",798,28,169,506,71,18,6,2009
"Grenada",748,157,28,559,0,0,0,2009
"Guadeloupe",32,0,0,23,0,0,0,2009
"Guatemala",12187,2791,700,5587,0,1002,2107,2009
"Guinea",1725,15,32,424,100,1099,55,2009
"Guinea-Bissau",20,0,0,17,0,3,0,2009
"Guyana",6670,3298,161,3140,24,28,19,2009
"Haiti",24280,7133,149,11021,0,5402,575,2009
"Honduras",6404,1772,463,3737,12,245,175,2009
"Hong Kong",2651,1101,657,842,37,7,7,2009
"Hungary",1314,29,244,912,108,12,9,2009
"Iceland",131,0,56,70,0,0,0,2009
"India",57304,12911,20264,21532,63,2228,306,2009
"Indonesia",3679,189,626,1627,111,1086,40,2009
"Iran",18553,2410,1200,4054,1057,9804,28,2009
"Iraq",12110,488,2347,1251,64,7948,12,2009
"Ireland",1637,10,494,1066,53,3,11,2009
"Israel",5612,216,2034,3169,84,87,22,2009
"Italy",2892,111,845,1699,167,54,16,2009
"Jamaica",21783,4833,593,16290,6,24,37,2009
"Japan",7690,105,2502,4832,217,18,16,2009
"Jordan",4282,1077,178,2728,51,228,20,2009
"Kazakhstan",1562,22,129,907,159,269,76,2009
"Kenya",9880,190,521,3146,2324,3677,22,2009
"Kiribati",10,0,0,6,4,0,0,2009
"Korea, North",67,0,0,21,0,42,0,2009
"Korea, South",25859,1660,14147,9990,7,12,43,2009
"Kuwait",1124,278,165,526,37,116,2,2009
"Kyrgyzstan",574,5,26,247,126,128,42,2009
"Laos",1688,80,69,1108,0,427,0,2009
"Latvia",444,7,39,306,30,51,11,2009
"Lebanon",3831,977,574,2056,82,137,5,2009
"Lesotho",14,0,0,0,0,0,1,2009
"Liberia",7641,210,57,1058,751,5524,41,2009
"Libya",296,16,34,189,32,23,2,2009
"Lithuania",1069,30,102,808,96,26,7,2009
"Luxembourg",30,0,18,9,0,0,0,2009
"Macau",158,93,22,40,0,0,0,2009
"Macedonia",1128,148,65,660,192,55,8,2009
"Madagascar",71,0,11,39,12,0,0,2009
"Malawi",164,5,20,119,13,6,1,2009
"Malaysia",2014,99,751,850,24,287,3,2009
"Mali",576,6,20,338,36,110,66,2009
"Malta",58,3,16,36,0,3,0,2009
"Marshall Islands",48,3,7,38,0,0,0,2009
"Martinique",24,7,9,8,0,0,0,2009
"Mauritania",597,0,5,76,0,506,4,2009
"Mauritius",110,9,40,47,9,5,0,2009
"Mexico",164920,57177,8660,96187,12,466,2418,2009
"Micronesia, Federated States",16,0,6,10,0,0,0,2009
"Moldova",2295,34,93,582,240,969,377,2009
"Mongolia",831,0,88,357,146,233,0,2009
"Montserrat",43,0,0,28,0,0,0,2009
"Morocco",5447,226,258,2834,2100,21,8,2009
"Mozambique",66,0,22,38,0,0,2,2009
"Namibia",53,0,11,31,0,11,0,2009
"Nepal",4514,145,751,1013,1778,812,15,2009
"Netherlands",1499,42,607,750,87,6,7,2009
"Netherlands Antilles",97,13,9,69,6,0,0,2009
"New Caledonia",13,0,0,13,0,0,0,2009
"New Zealand",947,22,264,585,72,0,0,2009
"Nicaragua",4137,874,73,2816,20,192,162,2009
"Niger",183,3,5,156,14,5,0,2009
"Nigeria",15253,1394,793,9086,3720,215,45,2009
"Norway",407,7,114,267,15,0,0,2009
"Oman",74,3,26,26,16,3,0,2009
"Pakistan",21555,8694,3184,8800,14,808,55,2009
"Palau",16,0,0,0,0,0,0,2009
"Panama",1806,252,96,1390,9,54,5,2009
"Papua New Guinea",19,0,0,14,0,0,0,2009
"Paraguay",530,28,76,402,3,19,2,2009
"Peru",16957,2714,1361,11900,5,887,90,2009
"Philippines",60029,14286,8516,37037,4,108,78,2009
"Poland",8754,1619,1351,5688,11,30,55,2009
"Portugal",946,80,147,694,12,7,6,2009
"Qatar",134,17,28,72,3,14,0,2009
"Romania",4910,250,962,3163,389,126,20,2009
"Russia",8238,220,1916,3596,208,2214,84,2009
"Rwanda",952,0,5,53,29,865,0,2009
"Saint Kitts-Nevis",310,101,0,194,0,0,0,2009
"Saint Lucia",1027,172,29,821,4,0,1,2009
"Saint Vincent and the Grenadines",591,126,0,448,0,0,0,2009
"Samoa",250,19,5,219,6,0,1,2009
"Sao Tome and Principe",11,0,0,7,0,0,0,2009
"Saudi Arabia",1418,279,226,687,104,117,5,2009
"Senegal",1524,68,78,1055,129,162,32,2009
"Serbia and Montenegro1",3166,132,255,1782,297,684,16,2009
"Seychelles",10,0,0,6,0,0,0,2009
"Sierra Leone",2687,90,26,905,499,1147,20,2009
"Singapore",832,42,426,339,15,6,4,2009
"Slovakia",706,20,184,447,49,3,3,2009
"Slovenia",108,0,20,76,5,6,1,2009
"Somalia",13390,30,11,665,42,12628,14,2009
"South Africa",3171,71,1307,1497,272,14,10,2009
"Soviet Union (former)",5911,62,232,4909,10,413,285,2009
"Spain",1769,26,598,995,60,86,4,2009
"Sri Lanka",2009,128,506,576,524,271,4,2009
"Sudan",3577,31,28,685,443,2380,10,2009
"Suriname",227,52,0,142,0,0,1,2009
"Swaziland",42,0,8,29,0,0,0,2009
"Sweden",1138,29,403,647,47,9,3,2009
"Switzerland",798,21,335,346,81,10,5,2009
"Syria",2442,652,372,1213,25,173,7,2009
"Taiwan",8038,1884,2519,3372,251,5,7,2009
"Tajikistan",265,6,14,110,79,45,11,2009
"Tanzania",2773,78,120,473,90,2008,4,2009
"Thailand",10444,218,585,4733,49,4827,32,2009
"Togo",1680,74,18,476,411,698,3,2009
"Tonga",379,84,3,256,29,0,7,2009
"Trinidad and Tobago",6256,1199,382,4562,66,15,32,2009
"Tunisia",416,11,50,297,48,7,3,2009
"Turkey",4958,163,1295,2325,1036,129,10,2009
"Turkmenistan",290,0,0,104,71,87,1,2009
"Turks and Caicos Islands",31,6,0,25,0,0,0,2009
"Uganda",1364,72,114,553,158,461,6,2009
"Ukraine",11223,306,808,4340,1579,2964,1226,2009
"United Arab Emirates",697,150,185,250,55,53,4,2009
"United Kingdom",15748,474,7044,8024,136,14,56,2009
"United States",181,14,23,104,4,14,22,2009
"Uruguay",1775,50,196,1363,3,161,2,2009
"Uzbekistan",5467,41,118,835,2492,1951,30,2009
"Venezuela",11154,395,2915,5435,227,2152,30,2009
"Vietnam",29234,12748,0,13038,0,2535,498,2009
"Yemen",3134,363,28,2510,40,186,7,2009
"Zambia",704,22,86,474,44,70,8,2009
"Zimbabwe",983,13,217,467,66,210,10,2009
"All other countries",55,2,14,32,4,2,1,2009
"Unknown",1366,127,147,736,51,274,31,2009
"Afghanistan",2017,260,46,961,54,519,177,2010
"Albania",4711,315,91,2031,1638,629,7,2010
"Algeria",1305,31,53,441,743,32,5,2010
"American Samoa",14,0,0,0,0,0,0,2010
"Angola",148,14,14,77,13,30,0,2010
"Anguilla",19,4,0,15,0,0,0,2010
"Antigua-Barbuda",359,107,12,234,5,0,1,2010
"Argentina",4399,188,1336,2509,77,241,48,2010
"Armenia",2979,175,149,951,1018,654,32,2010
"Aruba",49,0,7,36,0,0,1,2010
"Australia",2512,58,735,1454,246,3,16,2010
"Austria",442,23,127,221,58,6,7,2010
"Azerbaijan",781,55,44,324,211,135,12,2010
"Bahamas",652,85,41,488,13,7,18,2010
"Bahrain",104,16,42,42,0,0,1,2010
"Bangladesh",14819,6006,827,4935,2800,171,80,2010
"Barbados",465,111,48,285,16,0,0,2010
"Belarus",2038,69,162,697,725,291,94,2010
"Belgium",592,17,262,253,49,9,2,2010
"Belize",965,212,46,687,7,4,9,2010
"Benin",486,3,19,175,222,64,3,2010
"Bermuda",72,6,7,59,0,0,0,2010
"Bhutan",6109,0,6,28,0,6071,0,2010
"Bolivia",2253,267,484,1307,68,107,20,2010
"Bosnia-Herzegovina",946,23,41,623,32,227,0,2010
"Botswana",66,0,17,27,0,13,0,2010
"Brazil",12258,305,3208,8291,10,334,110,2010
"British Virgin Islands",46,14,3,29,0,0,0,2010
"Brunei",20,0,6,9,0,0,0,2010
"Bulgaria",2570,125,344,1398,560,126,17,2010
"Burkina Faso",377,13,12,202,90,52,8,2010
"Burma",12925,459,86,604,329,11445,2,2010
"Burundi",841,3,15,22,34,765,2,2010
"Cambodia",2986,418,59,2266,115,113,15,2010
"Cameroon",4161,106,83,1075,1548,1339,10,2010
"Canada",13328,628,5731,6659,80,35,195,2010
"Cape Verde",1668,737,20,903,3,0,5,2010
"Cayman Islands",52,8,3,41,0,0,0,2010
"Central African Republic",101,0,0,23,0,72,0,2010
"Chad",120,0,0,21,10,78,8,2010
"Chile",1950,199,390,1253,10,75,23,2010
"China, People's Republic",70863,13610,17949,24198,23,14943,140,2010
"Colombia",22406,3297,2374,14113,9,2516,97,2010
"Congo, Democratic Republic",1764,12,25,142,549,1033,3,2010
"Congo, Republic",968,12,26,194,218,510,8,2010
"Costa Rica",2164,166,299,1611,17,53,18,2010
"Cote d'Ivoire",1621,37,60,527,269,671,57,2010
"Croatia",357,23,73,215,25,19,2,2010
"Cuba",33573,455,8,3153,125,29804,28,2010
"Cyprus",122,4,32,69,14,0,0,2010
"Czech Republic",190,6,81,75,28,0,0,2010
"Czechoslovakia (former)",750,9,153,562,11,13,2,2010
"Denmark",518,14,224,247,29,0,4,2010
"Djibouti",37,0,0,26,0,6,0,2010
"Dominica",366,76,3,287,0,0,0,2010
"Dominican Republic",53870,31089,396,22218,16,72,79,2010
"Ecuador",11492,3382,1674,6173,0,113,150,2010
"Egypt",8978,786,802,3321,3447,593,29,2010
"El Salvador",18806,7315,1107,7649,0,0,2279,2010
"Equatorial Guinea",12,0,0,0,0,0,0,2010
"Eritrea",1656,52,45,391,386,781,1,2010
"Estonia",260,11,35,182,11,18,3,2010
"Ethiopia",14266,702,184,6709,3987,2664,20,2010
"Fiji",1201,375,33,506,233,49,5,2010
"Finland",397,11,172,176,33,0,0,2010
"France",3861,101,1738,1703,273,25,21,2010
"French Polynesia",16,0,0,0,0,0,0,2010
"Gabon",138,0,0,84,11,37,0,2010
"Gambia",859,47,26,557,29,148,52,2010
"Georgia",1518,28,111,810,458,101,10,2010
"Germany",6888,162,2106,3615,919,46,40,2010
"Ghana",7429,527,265,4393,2086,135,23,2010
"Greece",745,40,153,466,70,11,5,2010
"Grenada",664,163,28,465,3,0,5,2010
"Guadeloupe",34,0,0,18,0,0,0,2010
"Guatemala",10467,2662,1095,4094,0,644,0,2010
"Guinea",1379,15,23,400,111,767,63,2010
"Guinea-Bissau",30,0,0,23,0,4,0,2010
"Guyana",6749,3706,160,2824,23,14,22,2010
"Haiti",22582,8492,179,10665,4,2817,425,2010
"Honduras",6448,1749,626,3727,21,151,174,2010
"Hong Kong",2432,1196,464,731,30,7,4,2010
"Hungary",1022,36,180,705,81,13,7,2010
"Iceland",105,0,0,53,32,0,0,2010
"India",69162,14636,31118,21831,58,1324,195,2010
"Indonesia",3032,306,515,1461,138,573,39,2010
"Iran",14182,2731,1084,4142,1469,4735,21,2010
"Iraq",19855,369,124,973,32,15855,2502,2010
"Ireland",1507,8,436,986,68,0,0,2010
"Israel",4515,225,1584,2521,106,46,33,2010
"Italy",2579,104,856,1413,175,27,4,2010
"Jamaica",19825,5386,562,13781,0,46,0,2010
"Japan",6264,120,1973,3916,218,12,25,2010
"Jordan",3868,1019,227,2163,63,372,24,2010
"Kazakhstan",1282,41,108,752,191,132,58,2010
"Kenya",7421,254,391,3048,2279,1416,33,2010
"Korea, North",35,0,0,0,0,20,0,2010
"Korea, South",22227,2351,11642,8128,6,7,93,2010
"Kosovo",355,0,0,241,45,44,0,2010
"Kuwait",1037,247,150,450,53,133,4,2010
"Kyrgyzstan",507,24,27,248,129,51,28,2010
"Laos",1200,113,59,847,4,172,5,2010
"Latvia",435,22,47,306,31,21,8,2010
"Lebanon",3487,916,497,1843,46,173,12,2010
"Lesotho",23,0,0,17,0,0,0,2010
"Liberia",4837,190,37,1174,762,2658,16,2010
"Libya",355,34,32,190,73,26,0,2010
"Lithuania",985,72,86,678,130,7,12,2010
"Luxembourg",22,0,11,8,0,0,0,2010
"Macau",143,84,18,34,7,0,0,2010
"Macedonia",963,151,46,576,148,34,8,2010
"Madagascar",80,0,24,36,17,0,0,2010
"Malawi",164,11,18,118,11,3,3,2010
"Malaysia",1714,149,508,704,40,301,12,2010
"Mali",528,13,33,303,26,102,51,2010
"Malta",74,3,17,19,4,31,0,2010
"Marshall Islands",37,0,0,0,0,0,0,2010
"Martinique",15,0,0,9,0,0,0,2010
"Mauritania",495,4,20,57,7,406,1,2010
"Mauritius",84,8,19,32,20,5,0,2010
"Mexico",139120,34114,11535,88572,10,397,4492,2010
"Micronesia, Federated States",10,0,0,5,0,0,0,2010
"Moldova",1981,46,89,607,379,511,349,2010
"Monaco",12,0,4,8,0,0,0,2010
"Mongolia",594,5,66,320,80,121,2,2010
"Montenegro",120,24,4,76,9,7,0,2010
"Montserrat",27,3,0,20,0,0,0,2010
"Morocco",5013,292,188,2754,1753,7,19,2010
"Mozambique",53,0,9,39,0,0,0,2010
"Namibia",60,0,12,40,0,4,0,2010
"Nepal",7115,269,788,1312,1644,3093,9,2010
"Netherlands",1321,56,576,584,92,5,8,2010
"Netherlands Antilles",77,10,0,48,0,0,0,2010
"New Zealand",919,40,296,495,85,0,3,2010
"Nicaragua",3565,984,86,2202,13,121,159,2010
"Niger",96,0,0,88,0,0,0,2010
"Nigeria",13376,1412,845,7961,2937,168,53,2010
"Norway",334,0,77,235,16,0,2,2010
"Oman",63,14,23,22,0,0,0,2010
"Pakistan",18258,6247,2896,8522,14,507,72,2010
"Palau",18,0,3,12,3,0,0,2010
"Panama",1536,221,120,1148,16,26,5,2010
"Papua New Guinea",30,0,4,13,13,0,0,2010
"Paraguay",467,26,110,303,12,13,3,2010
"Peru",14247,2926,1198,9403,5,523,192,2010
"Philippines",58173,17849,6423,33746,14,55,86,2010
"Poland",7643,1510,1396,4658,11,21,47,2010
"Portugal",755,63,162,509,8,0,0,2010
"Qatar",148,28,36,63,11,6,4,2010
"Romania",4003,326,777,2457,357,74,12,2010
"Russia",6718,324,1489,3157,857,813,78,2010
"Rwanda",489,0,12,89,44,340,4,2010
"Saint Kitts-Nevis",339,155,7,170,0,0,0,2010
"Saint Lucia",872,164,30,670,4,0,0,2010
"Saint Vincent and the Grenadines",576,122,17,423,5,0,9,2010
"Samoa",219,20,5,185,7,0,2,2010
"Sao Tome and Principe",10,0,0,0,0,0,0,2010
"Saudi Arabia",1263,279,171,623,95,82,13,2010
"Senegal",1285,65,82,868,142,89,39,2010
"Serbia",20,0,5,12,0,0,0,2010
"Serbia and Montenegro1",2196,110,173,1266,190,449,8,2010
"Sierra Leone",2011,104,62,929,415,484,17,2010
"Singapore",774,65,377,289,14,18,11,2010
"Slovakia",538,15,149,333,37,3,1,2010
"Slovenia",74,0,14,53,0,0,0,2010
"Somalia",4558,35,10,725,59,3715,14,2010
"South Africa",2758,82,1107,1277,267,11,14,2010
"Soviet Union (former)",4978,62,195,4087,82,339,213,2010
"Spain",1684,49,570,897,85,66,17,2010
"Sri Lanka",2036,195,530,645,394,258,14,2010
"Sudan",2397,52,29,778,480,1049,9,2010
"Suriname",216,59,19,127,4,0,0,2010
"Swaziland",22,0,0,17,0,0,0,2010
"Sweden",1097,26,416,581,61,3,10,2010
"Switzerland",675,16,281,293,75,0,0,2010
"Syria",2555,797,258,1215,44,230,11,2010
"Taiwan",6732,1729,2090,2691,196,6,20,2010
"Tajikistan",299,18,22,106,116,36,1,2010
"Tanzania",1850,77,134,525,76,1036,2,2010
"Thailand",9384,345,530,4126,43,4276,64,2010
"Togo",1563,71,23,624,467,376,2,2010
"Tonga",343,85,4,226,20,0,8,2010
"Trinidad and Tobago",5435,1022,400,3882,91,9,31,2010
"Tunisia",418,17,41,299,57,4,0,2010
"Turkey",4483,174,1081,2037,1053,119,19,2010
"Turkmenistan",224,6,7,81,71,58,1,2010
"Turks and Caicos Islands",29,5,5,18,0,0,1,2010
"Uganda",1085,61,94,502,134,289,5,2010
"Ukraine",8477,410,643,4095,1758,850,721,2010
"United Arab Emirates",779,174,205,296,44,41,19,2010
"United Kingdom",12792,538,5575,6438,155,22,64,2010
"United States",201,10,20,142,5,11,13,2010
"Uruguay",1331,45,202,948,8,111,17,2010
"Uzbekistan",4770,102,105,824,3279,418,42,2010
"Venezuela",9409,550,2769,4323,415,1314,38,2010
"Vietnam",30632,18027,360,11091,0,1032,122,2010
"Yemen",3591,583,47,2750,45,156,10,2010
"Zambia",628,21,84,385,30,97,11,2010
"Zimbabwe",1274,24,209,429,58,547,7,2010
"All other countries",70,6,8,48,4,4,0,2010
"Unknown",1330,137,133,766,20,229,45,2010
"Afghanistan",1648,171,34,754,36,501,152,2011
"Albania",3612,293,94,1884,913,415,13,2011
"Algeria",1364,60,48,419,792,36,9,2011
"Angola",148,17,7,91,10,22,1,2011
"Anguilla",25,9,6,10,0,0,0,2011
"Antigua-Barbuda",368,129,14,221,0,0,2,2011
"Argentina",4473,215,1210,2675,53,258,62,2011
"Armenia",2983,219,117,905,954,767,21,2011
"Aruba",39,0,4,31,0,0,0,2011
"Australia",2343,58,564,1454,254,4,9,2011
"Austria",424,20,139,205,51,6,3,2011
"Azerbaijan",728,56,45,276,208,133,10,2011
"Bahamas",668,81,49,517,3,6,12,2011
"Bahrain",119,30,33,50,0,0,1,2011
"Bangladesh",16707,7821,648,4988,3049,117,84,2011
"Barbados",455,116,52,272,0,0,6,2011
"Belarus",1964,72,197,671,622,356,46,2011
"Belgium",567,21,197,284,42,14,9,2011
"Belize",905,247,37,591,8,7,15,2011
"Benin",462,14,16,171,236,23,2,2011
"Bermuda",71,3,7,60,0,0,1,2011
"Bhutan",10137,0,0,10,0,10119,3,2011
"Bolivia",2173,373,320,1294,45,105,36,2011
"Bosnia-Herzegovina",878,23,41,521,40,251,2,2011
"Botswana",76,7,9,51,6,3,0,2011
"Brazil",11763,516,2386,8417,12,330,102,2011
"British Virgin Islands",37,19,0,18,0,0,0,2011
"Brunei",25,0,11,0,0,0,0,2011
"Bulgaria",2661,119,335,1476,623,87,21,2011
"Burkina Faso",433,10,27,216,90,77,13,2011
"Burma",16518,634,76,699,275,14833,1,2011
"Burundi",593,0,0,33,17,536,0,2011
"Cambodia",2745,456,49,1993,176,62,9,2011
"Cameroon",4754,210,68,1131,1683,1653,9,2011
"Canada",12800,637,5157,6582,83,41,300,2011
"Cape Verde",1808,886,9,905,0,0,3,2011
"Cayman Islands",41,8,0,28,0,0,2,2011
"Central African Republic",134,0,0,23,7,99,0,2011
"Chad",171,0,0,38,7,120,0,2011
"Chile",1853,180,335,1228,16,59,35,2011
"China, People's Republic",87016,17840,17544,24374,25,27097,136,2011
"Colombia",22635,4731,1830,14024,8,1920,122,2011
"Congo, Democratic Republic",2424,39,23,192,721,1446,3,2011
"Congo, Republic",1371,30,14,218,455,651,3,2011
"Costa Rica",2135,237,161,1645,11,62,19,2011
"Cote d'Ivoire",1302,60,43,508,194,437,60,2011
"Croatia",349,13,64,223,25,20,4,2011
"Cuba",36452,680,8,2404,208,33129,23,2011
"Cyprus",101,0,37,54,5,0,0,2011
"Czech Republic",303,8,82,175,30,3,5,2011
"Czechoslovakia (former)",466,8,72,372,9,4,1,2011
"Denmark",459,7,191,240,17,0,4,2011
"Djibouti",56,0,3,26,14,13,0,2011
"Dominica",287,82,0,200,0,0,1,2011
"Dominican Republic",46109,24539,333,21063,10,85,79,2011
"Ecuador",11103,3960,1076,5743,0,146,178,2011
"Egypt",7778,765,651,2771,2822,746,23,2011
"El Salvador",18667,8159,572,7359,0,431,2146,2011
"Equatorial Guinea",13,0,0,8,0,0,0,2011
"Eritrea",2102,97,25,344,290,1346,0,2011
"Estonia",191,10,18,137,15,10,1,2011
"Ethiopia",13793,1202,174,5496,3546,3352,23,2011
"Fiji",1041,370,26,424,172,45,4,2011
"Finland",363,5,159,154,42,0,3,2011
"France",3653,139,1409,1790,262,27,26,2011
"French Polynesia",21,3,3,15,0,0,0,2011
"Gabon",204,7,4,85,13,95,0,2011
"Gambia",972,74,24,600,17,210,47,2011
"Georgia",1490,36,85,773,453,130,13,2011
"Germany",6125,170,1543,3529,795,49,39,2011
"Ghana",8798,871,264,4379,3166,97,21,2011
"Greece",949,63,194,613,58,15,6,2011
"Grenada",579,173,15,378,4,4,5,2011
"Guatemala",11092,3739,0,4215,0,794,1748,2011
"Guinea",1555,89,28,421,246,719,52,2011
"Guinea-Bissau",29,3,3,17,0,6,0,2011
"Guyana",6599,3753,158,2628,27,11,22,2011
"Haiti",22111,8102,0,11056,0,2388,452,2011
"Honduras",6133,1879,483,3261,23,220,267,2011
"Hong Kong",2306,1199,460,614,23,3,7,2011
"Hungary",1044,35,204,694,98,9,4,2011
"Iceland",90,0,26,56,6,0,2,2011
"India",69013,13527,33587,20472,51,1217,159,2011
"Indonesia",2856,301,506,1444,81,489,35,2011
"Iran",14822,2711,1151,3779,1783,5386,12,2011
"Iraq",21133,292,107,826,43,19104,761,2011
"Ireland",1371,20,374,877,94,4,2,2011
"Israel",3826,206,1165,2272,97,64,22,2011
"Italy",2443,103,631,1465,194,40,10,2011
"Jamaica",19662,6074,602,12882,0,0,58,2011
"Japan",6161,166,2012,3760,180,11,32,2011
"Jordan",3876,1068,194,2055,54,489,16,2011
"Kazakhstan",1235,65,104,657,220,149,40,2011
"Kenya",7762,312,363,2936,2154,1961,36,2011
"Korea, North",36,0,5,14,0,17,0,2011
"Korea, South",22824,2503,12593,7637,10,10,71,2011
"Kosovo",670,54,16,395,78,126,1,2011
"Kuwait",973,212,152,396,26,180,7,2011
"Kyrgyzstan",542,20,25,232,141,108,16,2011
"Laos",956,84,21,740,0,107,4,2011
"Latvia",426,18,26,319,41,17,5,2011
"Lebanon",3295,901,450,1578,42,316,8,2011
"Lesotho",25,0,3,17,0,0,0,2011
"Liberia",4151,397,43,1186,900,1615,10,2011
"Libya",357,19,39,234,41,23,1,2011
"Lithuania",936,47,65,665,149,8,2,2011
"Luxembourg",24,0,7,12,0,0,0,2011
"Macau",130,86,14,26,0,0,1,2011
"Macedonia",1078,210,52,588,183,35,10,2011
"Madagascar",83,6,17,37,12,11,0,2011
"Malawi",123,13,14,78,13,4,1,2011
"Malaysia",2273,178,593,744,39,707,12,2011
"Mali",629,27,48,329,45,138,42,2011
"Malta",51,0,0,16,0,19,0,2011
"Marshall Islands",38,0,0,0,0,0,0,2011
"Mauritania",393,24,5,63,6,294,1,2011
"Mauritius",101,0,28,44,19,0,0,2011
"Mexico",143446,43631,9164,84280,12,605,5754,2011
"Moldova",2258,57,80,674,507,601,339,2011
"Mongolia",774,17,131,296,144,178,8,2011
"Montenegro",204,46,7,118,3,30,0,2011
"Montserrat",30,0,0,19,0,0,3,2011
"Morocco",4399,335,139,2469,1421,16,19,2011
"Mozambique",60,0,7,38,0,8,0,2011
"Namibia",43,0,7,29,3,3,1,2011
"Nepal",10166,381,1148,1522,1801,5299,15,2011
"Netherlands",1085,0,426,554,61,0,7,2011
"Netherlands Antilles",86,9,11,62,4,0,0,2011
"New Zealand",803,36,195,459,108,0,5,2011
"Nicaragua",3401,960,44,2122,24,141,110,2011
"Niger",96,3,0,84,9,0,0,2011
"Nigeria",11824,1415,639,6955,2672,101,42,2011
"Norway",339,18,76,220,21,4,0,2011
"Oman",60,13,27,13,4,3,0,2011
"Pakistan",15546,5555,2544,6866,6,512,63,2011
"Panama",1374,266,94,962,6,34,12,2011
"Papua New Guinea",20,0,3,14,0,0,0,2011
"Paraguay",500,53,42,368,6,24,7,2011
"Peru",14064,3616,998,8786,4,509,151,2011
"Philippines",57011,20191,7398,29279,5,46,92,2011
"Poland",6863,1646,970,4174,17,20,36,2011
"Portugal",821,83,115,598,13,3,9,2011
"Qatar",193,50,40,73,22,7,1,2011
"Romania",3882,287,661,2437,428,59,10,2011
"Russia",7944,372,1331,3922,1365,892,62,2011
"Rwanda",520,0,0,104,67,335,3,2011
"Saint Kitts-Nevis",350,178,0,159,0,0,1,2011
"Saint Lucia",785,184,16,575,7,0,3,2011
"Saint Vincent and the Grenadines",468,120,10,329,5,0,4,2011
"Samoa",267,19,0,243,0,0,0,2011
"Saudi Arabia",1396,269,208,689,115,109,6,2011
"Senegal",1424,125,94,949,111,109,36,2011
"Serbia",244,0,80,136,0,17,0,2011
"Serbia and Montenegro 1",1398,78,114,836,129,226,15,2011
"Seychelles",15,5,3,7,0,0,0,2011
"Sierra Leone",1985,173,51,1059,321,364,17,2011
"Singapore",690,42,359,255,9,15,10,2011
"Slovakia",594,25,149,382,36,0,2,2011
"Slovenia",69,0,18,45,0,3,1,2011
"Somalia",4451,47,19,697,56,3622,10,2011
"South Africa",2649,112,879,1281,306,51,20,2011
"Soviet Union (former)",3687,60,141,2905,59,395,127,2011
"Spain",1890,87,568,1013,85,124,13,2011
"Sri Lanka",2053,225,513,515,378,418,4,2011
"Sudan",2628,73,35,642,445,1428,5,2011
"Suriname",196,48,20,117,0,3,8,2011
"Swaziland",19,0,0,14,0,0,0,2011
"Sweden",979,26,327,561,48,9,8,2011
"Switzerland",615,13,220,301,67,7,7,2011
"Syria",2785,879,277,1196,48,378,7,2011
"Taiwan",6154,1392,2163,2363,0,0,10,2011
"Tajikistan",382,9,26,137,171,34,5,2011
"Tanzania",1427,83,82,479,55,724,4,2011
"Thailand",9962,426,474,3658,35,5247,122,2011
"Togo",1506,112,20,586,474,312,2,2011
"Tonga",408,108,0,281,0,0,4,2011
"Trinidad and Tobago",5023,1071,365,3453,58,9,67,2011
"Tunisia",440,18,66,294,49,12,1,2011
"Turkey",4403,199,1093,2015,914,165,17,2011
"Turkmenistan",260,10,19,89,84,58,0,2011
"Turks and Caicos Islands",33,12,0,20,0,0,1,2011
"Uganda",1239,91,83,604,161,284,16,2011
"Ukraine",8292,603,589,4118,1651,833,498,2011
"United Arab Emirates",707,168,161,258,44,64,12,2011
"United Kingdom",11572,630,4560,6143,162,20,57,2011
"United States",269,18,21,194,0,0,19,2011
"Uruguay",1553,51,139,1172,7,155,29,2011
"Uzbekistan",5056,135,103,749,3550,472,47,2011
"Venezuela",9183,741,2148,4481,427,1348,38,2011
"Vietnam",34157,19491,333,12551,4,1703,75,2011
"Yemen",3361,823,40,2260,38,199,1,2011
"Zambia",652,31,81,405,38,93,4,2011
"Zimbabwe",1016,54,130,410,88,318,16,2011
"All other countries",78,7,7,53,9,2,0,2011
"Unknown",1245,184,109,694,18,207,33,2011
"Afghanistan",1617,195,29,729,19,503,142,2012
"Albania",3364,231,75,2217,542,291,8,2012
"Algeria",1369,48,57,539,688,33,4,2012
"Angola",187,22,5,114,14,32,0,2012
"Anguilla",23,11,0,0,0,0,0,2012
"Antigua-Barbuda",337,100,15,222,0,0,0,2012
"Argentina",4359,176,1204,2648,45,261,25,2012
"Armenia",2681,132,145,1158,710,521,15,2012
"Aruba",54,6,21,27,0,0,0,2012
"Australia",2414,42,805,1311,246,0,10,2012
"Austria",407,15,140,213,33,0,0,2012
"Azerbaijan",663,72,44,299,140,101,7,2012
"Bahamas",619,57,40,504,0,0,9,2012
"Bahrain",104,16,28,51,4,5,0,2012
"Bangladesh",14705,7357,549,5758,827,149,65,2012
"Barbados",460,94,48,311,3,0,0,2012
"Belarus",1659,76,143,695,416,300,29,2012
"Belgium",574,19,237,256,48,11,3,2012
"Belize",847,204,32,601,0,0,6,2012
"Benin",415,7,0,229,154,18,0,2012
"Bermuda",85,0,20,52,0,0,0,2012
"Bhutan",10198,0,4,19,4,10171,0,2012
"Bolivia",1948,238,286,1290,19,104,11,2012
"Bosnia-Herzegovina",815,22,58,536,32,167,0,2012
"Botswana",80,0,21,35,4,15,0,2012
"Brazil",11441,329,2615,8167,11,235,84,2012
"British Virgin Islands",39,12,0,24,0,0,3,2012
"Brunei",19,0,14,0,0,0,0,2012
"Bulgaria",2440,80,322,1520,447,63,8,2012
"Burkina Faso",558,13,15,292,101,131,6,2012
"Burma",17383,392,85,789,234,15883,0,2012
"Burundi",535,0,7,39,20,465,0,2012
"Cambodia",2473,382,34,1807,171,68,11,2012
"Cameroon",3815,159,92,1175,1234,1150,5,2012
"Canada",12932,561,5429,6571,64,30,277,2012
"Cape Verde",1684,711,5,959,6,0,0,2012
"Cayman Islands",44,10,3,31,0,0,0,2012
"Central African Republic",116,0,0,11,3,97,0,2012
"Chad",155,8,0,19,6,122,0,2012
"Chile",1673,109,329,1151,7,59,18,2012
"China, People's Republic",81784,17789,19930,25714,44,18167,140,2012
"Colombia",20931,3085,1964,14332,7,1464,79,2012
"Comoros",10,0,0,10,0,0,0,2012
"Congo, Democratic Republic",3731,58,0,370,813,2462,0,2012
"Congo, Republic",1461,60,17,203,722,454,5,2012
"Costa Rica",2020,87,185,1685,3,47,13,2012
"Cote d'Ivoire",1760,96,70,737,332,478,47,2012
"Croatia",336,0,63,219,25,22,0,2012
"Cuba",32820,971,13,3402,74,28346,14,2012
"Cyprus",107,9,27,61,7,3,0,2012
"Czech Republic",677,13,110,519,17,7,11,2012
"Czechoslovakia (former)",159,8,33,113,0,0,0,2012
"Denmark",459,7,218,208,22,0,0,2012
"Djibouti",106,3,0,23,10,70,0,2012
"Dominica",125,44,5,71,0,0,0,2012
"Dominican Republic",41566,19427,377,21629,3,61,69,2012
"Ecuador",9342,2487,882,5667,0,0,178,2012
"Egypt",8988,843,608,4321,2254,934,28,2012
"El Salvador",16256,5890,653,7326,0,442,1945,2012
"Equatorial Guinea",20,0,0,11,0,0,0,2012
"Eritrea",2643,97,38,485,201,1820,2,2012
"Estonia",227,5,27,165,15,10,5,2012
"Ethiopia",14544,1193,178,6768,1718,4669,18,2012
"Fiji",853,236,0,389,138,68,0,2012
"Finland",348,7,143,151,44,0,0,2012
"France",3862,129,1650,1842,196,35,10,2012
"French Polynesia",30,0,0,25,0,0,0,2012
"Gabon",197,3,5,107,13,69,0,2012
"Gambia",1159,49,30,801,15,225,39,2012
"Georgia",1341,43,82,819,270,114,13,2012
"Germany",5812,148,1733,3256,595,49,31,2012
"Ghana",10592,808,291,7159,2220,95,19,2012
"Greece",1054,25,197,754,61,12,5,2012
"Grenada",671,127,17,514,6,4,3,2012
"Guatemala",10341,2991,739,4447,0,718,1446,2012
"Guinea",1656,121,35,507,161,784,48,2012
"Guinea-Bissau",47,0,0,36,0,0,0,2012
"Guyana",5683,2808,132,2704,6,8,25,2012
"Haiti",22818,8447,0,11495,0,2348,395,2012
"Honduras",6884,1850,486,4078,28,224,218,2012
"Hong Kong",2104,892,575,613,16,3,5,2012
"Hungary",1054,41,201,702,92,14,4,2012
"Iceland",103,0,34,55,14,0,0,2012
"India",66434,11433,33408,20497,27,895,174,2012
"Indonesia",2603,243,508,1398,80,354,20,2012
"Iran",12916,2463,953,3797,2262,3430,11,2012
"Iraq",20369,292,94,872,47,15421,3643,2012
"Ireland",1514,30,486,914,77,0,0,2012
"Israel",4153,203,1508,2257,88,72,25,2012
"Italy",2673,118,829,1502,160,53,11,2012
"Jamaica",20705,5818,589,14193,3,57,45,2012
"Japan",6061,138,2095,3604,204,8,12,2012
"Jordan",4099,1190,197,2276,88,318,30,2012
"Kazakhstan",1202,29,94,664,247,129,39,2012
"Kenya",7043,278,416,2926,1331,2071,21,2012
"Korea, North",49,0,0,0,0,28,0,2012
"Korea, South",20846,1264,12000,7521,12,9,40,2012
"Kosovo",782,66,0,518,76,116,0,2012
"Kuwait",1044,224,179,427,32,175,7,2012
"Kyrgyzstan",648,17,36,234,162,172,27,2012
"Laos",949,69,28,644,0,208,0,2012
"Latvia",436,19,33,324,39,16,5,2012
"Lebanon",2879,764,387,1420,74,228,6,2012
"Lesotho",17,0,0,12,0,0,0,2012
"Liberia",4109,364,42,1304,1003,1387,9,2012
"Libya",315,0,33,174,57,31,0,2012
"Lithuania",924,42,90,656,122,11,3,2012
"Luxembourg",19,0,6,10,0,0,0,2012
"Macau",120,65,17,33,5,0,0,2012
"Macedonia",906,151,50,613,70,19,3,2012
"Madagascar",79,0,29,36,0,0,0,2012
"Malawi",192,5,29,119,10,26,3,2012
"Malaysia",2605,200,606,705,37,1051,6,2012
"Mali",734,46,30,419,13,187,39,2012
"Malta",62,0,11,24,0,23,0,2012
"Marshall Islands",50,0,0,44,0,0,0,2012
"Mauritania",410,36,7,90,10,263,4,2012
"Mauritius",77,0,25,39,0,0,0,2012
"Mexico",146406,41724,7858,92053,7,508,4256,2012
"Micronesia, Federated States",13,0,0,8,0,0,0,2012
"Moldova",2021,43,73,691,560,445,209,2012
"Mongolia",691,4,106,281,139,153,8,2012
"Montenegro",265,31,3,202,3,26,0,2012
"Montserrat",27,0,0,20,0,0,0,2012
"Morocco",3656,315,118,2618,569,24,12,2012
"Mozambique",94,0,16,44,0,28,0,2012
"Namibia",59,0,7,43,0,6,0,2012
"Nepal",11312,272,912,1766,2353,5987,22,2012
"Netherlands",1091,30,483,514,51,5,8,2012
"Netherlands Antilles",106,0,24,61,0,0,0,2012
"New Zealand",814,26,216,484,83,0,0,2012
"Nicaragua",3046,659,36,2129,6,125,91,2012
"Niger",48,0,0,32,10,0,0,2012
"Nigeria",13575,1544,768,8718,2352,153,40,2012
"Norway",276,9,75,175,13,0,0,2012
"Oman",74,17,35,16,0,0,0,2012
"Pakistan",14740,4566,2217,7179,13,713,52,2012
"Palau",10,0,0,0,0,0,0,2012
"Panama",1281,205,80,965,3,23,5,2012
"Papua New Guinea",21,4,0,12,0,0,0,2012
"Paraguay",467,23,57,352,8,21,6,2012
"Peru",12609,2300,951,8915,0,362,0,2012
"Philippines",57327,17735,9250,30229,10,31,72,2012
"Poland",6300,985,1094,4154,8,23,36,2012
"Portugal",811,66,158,562,15,4,6,2012
"Qatar",141,20,24,49,27,18,3,2012
"Romania",3748,222,603,2306,521,79,17,2012
"Russia",9969,349,1153,6374,1149,811,133,2012
"Rwanda",592,8,12,89,47,436,0,2012
"Saint Kitts-Nevis",311,137,7,164,3,0,0,2012
"Saint Lucia",919,175,32,703,0,0,5,2012
"Saint Vincent and the Grenadines",503,120,15,364,0,0,0,2012
"Samoa",238,11,0,222,0,0,0,2012
"Sao Tome and Principe",12,0,0,0,0,0,0,2012
"Saudi Arabia",1343,230,222,647,134,103,7,2012
"Senegal",1615,151,71,1105,100,150,38,2012
"Serbia",704,9,102,542,15,36,0,2012
"Serbia and Montenegro 1",801,46,84,373,116,174,8,2012
"Sierra Leone",1688,166,42,880,301,286,13,2012
"Singapore",712,41,392,238,17,12,12,2012
"Slovakia",528,33,129,342,18,0,0,2012
"Slovenia",86,0,21,59,0,0,0,2012
"Somalia",5204,100,15,894,38,4154,3,2012
"South Africa",2781,67,1078,1230,268,125,13,2012
"South Sudan",17,0,0,0,0,8,0,2012
"Soviet Union (former)",1296,14,144,731,13,381,13,2012
"Spain",1842,75,635,910,69,138,15,2012
"Sri Lanka",1994,165,482,608,280,454,5,2012
"Sudan",2471,75,0,978,447,943,0,2012
"Suriname",187,39,19,122,0,0,4,2012
"Swaziland",24,3,3,15,0,0,0,2012
"Sweden",968,25,356,530,42,11,4,2012
"Switzerland",635,14,258,282,63,12,6,2012
"Syria",3014,921,243,1410,67,367,6,2012
"Taiwan",5331,1200,1850,2094,172,5,10,2012
"Tajikistan",411,0,23,167,143,62,0,2012
"Tanzania",1516,52,108,473,74,803,6,2012
"Thailand",9459,303,390,3630,35,4935,166,2012
"Togo",1756,106,18,793,545,289,5,2012
"Tonga",276,48,0,218,4,0,3,2012
"Trinidad and Tobago",5214,889,319,3911,0,0,47,2012
"Tunisia",422,15,43,324,35,0,0,2012
"Turkey",4162,120,1111,1899,844,172,16,2012
"Turkmenistan",223,10,8,96,72,37,0,2012
"Turks and Caicos Islands",30,3,3,24,0,0,0,2012
"Uganda",1340,77,75,669,159,360,0,2012
"Ukraine",7642,469,622,4043,1529,695,284,2012
"United Arab Emirates",854,173,212,279,96,69,25,2012
"United Kingdom",12014,474,5175,6148,132,21,64,2012
"United States",279,0,18,206,0,14,31,2012
"Uruguay",1374,35,145,1043,4,140,7,2012
"Uzbekistan",4726,176,98,824,3062,531,35,2012
"Venezuela",9387,549,2669,4157,446,1528,38,2012
"Vietnam",28304,14309,330,12930,0,620,0,2012
"Yemen",2620,592,26,1720,58,220,4,2012
"Zambia",643,26,89,366,0,125,0,2012
"Zimbabwe",914,0,148,364,61,308,0,2012
"All other countries",49,6,10,29,0,0,0,2012
"Unknown",1206,100,67,794,28,178,39,2012
"Afghanistan",2196,271,66,699,64,520,576,2013
"Albania",3186,359,92,1565,938,227,5,2013
"Algeria",1241,75,65,423,628,45,5,2013
"Angola",143,23,6,69,14,31,0,2013
"Anguilla",22,12,0,0,0,0,1,2013
"Antigua-Barbuda",344,144,6,180,9,4,1,2013
"Argentina",4372,314,1296,2414,38,245,65,2013
"Armenia",2722,238,121,1165,803,387,8,2013
"Aruba",45,6,10,29,0,0,0,2013
"Australia",2759,56,868,1451,368,0,0,2013
"Austria",415,13,143,209,38,5,7,2013
"Azerbaijan",637,54,54,283,131,109,6,2013
"Bahamas",630,73,61,458,15,13,10,2013
"Bahrain",115,12,47,32,12,12,0,2013
"Bangladesh",12099,6272,740,4701,92,245,49,2013
"Barbados",428,140,0,246,0,0,0,2013
"Belarus",1970,97,188,656,682,335,12,2013
"Belgium",675,20,298,292,50,10,5,2013
"Belize",946,299,53,561,10,8,15,2013
"Benin",342,15,4,183,117,18,5,2013
"Bermuda",88,13,17,55,0,0,3,2013
"Bhutan",8954,5,9,24,4,8911,1,2013
"Bolivia",2071,485,326,1129,30,72,29,2013
"Bosnia-Herzegovina",697,37,61,449,39,111,0,2013
"Botswana",53,0,18,27,0,5,0,2013
"Brazil",11033,549,2801,7273,9,265,136,2013
"British Virgin Islands",45,16,3,26,0,0,0,2013
"Brunei",21,0,13,4,0,0,0,2013
"Bulgaria",2844,122,404,1454,798,58,8,2013
"Burkina Faso",585,20,24,288,115,134,4,2013
"Burma",12565,476,101,687,190,11110,1,2013
"Burundi",260,9,8,39,20,184,0,2013
"Cambodia",2624,381,50,1782,340,60,11,2013
"Cameroon",3908,253,119,1212,1153,1165,6,2013
"Canada",13181,608,6120,6088,61,26,278,2013
"Cape Verde",1673,871,8,787,3,0,4,2013
"Cayman Islands",44,9,3,28,0,0,0,2013
"Central African Republic",213,9,4,18,0,179,0,2013
"Chad",111,7,0,23,6,72,0,2013
"Chile",1736,208,381,1067,14,49,17,2013
"China, People's Republic",71798,13109,20245,24135,26,14146,137,2013
"Colombia",21131,5322,1812,12709,8,1170,110,2013
"Congo, Democratic Republic",2792,68,35,421,1076,1190,2,2013
"Congo, Republic",1059,38,12,201,509,294,5,2013
"Costa Rica",2114,249,211,1564,21,47,22,2013
"Cote d'Ivoire",1486,131,62,642,235,379,37,2013
"Croatia",353,16,78,219,16,23,1,2013
"Cuba",32219,2492,12,3110,194,26407,4,2013
"Cyprus",126,0,54,58,7,0,1,2013
"Czech Republic",676,23,132,475,28,8,10,2013
"Czechoslovakia (former)",74,4,33,31,0,0,0,2013
"Denmark",506,17,239,237,9,0,0,2013
"Djibouti",90,0,0,20,7,58,0,2013
"Dominica",244,155,6,76,6,0,1,2013
"Dominican Republic",41311,22147,380,18568,26,90,100,2013
"Ecuador",10591,4095,927,5173,0,158,0,2013
"Egypt",10294,813,814,3218,3101,2321,27,2013
"El Salvador",18260,8232,813,7449,0,425,1341,2013
"Equatorial Guinea",18,0,0,12,0,3,0,2013
"Eritrea",2138,139,31,501,163,1303,1,2013
"Estonia",211,15,36,133,16,10,1,2013
"Ethiopia",13097,1390,251,5331,2255,3858,12,2013
"Fiji",895,225,29,375,226,36,4,2013
"Finland",331,5,161,137,23,0,0,2013
"France",4425,153,2086,1896,250,27,13,2013
"Gabon",127,3,6,77,7,33,1,2013
"Gambia",1018,76,24,644,4,237,33,2013
"Georgia",1368,75,92,734,354,96,17,2013
"Germany",6032,141,1927,3331,558,50,25,2013
"Ghana",10265,1324,451,6407,1989,73,21,2013
"Greece",1361,65,288,914,73,18,3,2013
"Grenada",687,235,30,413,0,0,6,2013
"Guatemala",10224,3700,778,3945,0,734,0,2013
"Guinea",1518,77,25,423,174,780,39,2013
"Guinea-Bissau",43,0,4,29,5,0,1,2013
"Guyana",5897,3569,132,2164,12,9,11,2013
"Haiti",20351,9908,113,8142,0,1997,191,2013
"Honduras",8898,3133,623,4591,29,243,279,2013
"Hong Kong",2226,768,738,671,31,12,6,2013
"Hungary",1052,39,253,640,106,10,4,2013
"Iceland",139,0,77,49,10,0,0,2013
"India",68458,11943,35720,19756,39,754,246,2013
"Indonesia",2731,265,657,1340,112,338,19,2013
"Iran",12863,2272,1584,3054,3447,2481,25,2013
"Iraq",9552,266,96,668,39,6804,1679,2013
"Ireland",1626,36,614,920,50,0,0,2013
"Israel",3996,212,1509,2078,124,38,35,2013
"Italy",2960,111,1038,1564,168,69,10,2013
"Jamaica",19400,6095,679,12510,0,64,0,2013
"Japan",5925,140,2343,3115,294,10,23,2013
"Jordan",4188,1255,282,2393,77,167,14,2013
"Kazakhstan",1241,47,145,601,271,164,13,2013
"Kenya",6123,379,586,2927,903,1307,21,2013
"Korea, North",48,7,17,12,0,12,0,2013
"Korea, South",23166,1795,14300,6978,16,19,58,2013
"Kosovo",839,92,23,436,122,166,0,2013
"Kuwait",937,207,214,371,74,66,5,2013
"Kyrgyzstan",652,16,40,214,175,199,8,2013
"Laos",923,88,26,681,0,124,0,2013
"Latvia",424,23,53,287,45,11,5,2013
"Lebanon",2783,777,455,1372,69,97,13,2013
"Lesotho",20,0,5,9,0,0,0,2013
"Liberia",3334,397,34,1238,896,761,8,2013
"Libya",376,21,45,173,46,91,0,2013
"Lithuania",854,58,88,553,138,14,3,2013
"Luxembourg",40,0,11,21,5,0,0,2013
"Macau",106,49,24,0,0,0,0,2013
"Macedonia",895,113,57,560,128,32,5,2013
"Madagascar",95,0,21,49,18,0,0,2013
"Malawi",159,8,32,103,7,7,2,2013
"Malaysia",2477,186,771,609,30,874,7,2013
"Mali",667,39,25,369,17,182,35,2013
"Malta",43,7,0,22,0,7,0,2013
"Marshall Islands",46,0,0,0,0,0,0,2013
"Mauritania",354,26,3,73,5,247,0,2013
"Mauritius",83,6,29,40,0,0,1,2013
"Mexico",135028,35528,8066,85476,7,597,5354,2013
"Moldova",2485,80,77,733,883,579,133,2013
"Mongolia",729,18,149,278,98,177,9,2013
"Montenegro",265,32,4,206,0,20,0,2013
"Morocco",3336,325,135,2241,606,19,10,2013
"Mozambique",73,3,11,34,3,22,0,2013
"Namibia",57,0,11,37,3,4,2,2013
"Nepal",13046,492,1362,1822,3210,6137,23,2013
"Netherlands",1142,33,560,514,27,4,4,2013
"Netherlands Antilles",128,31,18,73,0,0,1,2013
"New Zealand",921,40,287,484,104,0,0,2013
"Nicaragua",3048,868,73,1874,18,127,88,2013
"Niger",37,8,0,24,5,0,0,2013
"Nigeria",13840,2059,900,7957,2778,115,31,2013
"Norway",335,10,117,192,0,0,0,2013
"Oman",73,9,32,25,3,4,0,2013
"Pakistan",13251,3966,2553,5956,14,696,66,2013
"Palau",16,0,0,12,0,0,0,2013
"Panama",1234,251,96,845,9,23,10,2013
"Papua New Guinea",27,0,5,15,0,0,0,2013
"Paraguay",448,66,59,292,3,26,2,2013
"Peru",12564,3770,918,7420,4,328,124,2013
"Philippines",54446,15170,10482,28653,0,33,0,2013
"Poland",6430,1215,1111,3403,645,15,41,2013
"Portugal",918,80,188,627,14,7,2,2013
"Qatar",191,43,43,66,25,12,2,2013
"Romania",3773,292,891,2112,401,55,22,2013
"Russia",9753,458,1509,5411,1452,836,87,2013
"Rwanda",540,16,9,79,97,335,4,2013
"Saint Kitts-Nevis",259,115,8,126,5,0,5,2013
"Saint Lucia",853,238,27,572,9,3,4,2013
"Saint Vincent and the Grenadines",529,168,23,328,7,0,3,2013
"Samoa",237,12,0,225,0,0,0,2013
"Saudi Arabia",1463,224,270,695,148,117,9,2013
"Senegal",1340,153,72,897,75,95,48,2013
"Serbia",866,39,111,611,73,32,0,2013
"Serbia and Montenegro",653,68,74,276,79,138,18,2013
"Sierra Leone",1651,198,30,836,377,204,6,2013
"Singapore",835,59,501,241,16,15,3,2013
"Slovakia",507,28,132,309,31,3,4,2013
"Slovenia",62,0,10,46,0,0,0,2013
"Somalia",3764,115,11,851,19,2766,2,2013
"South Africa",2629,84,1042,1164,267,64,8,2013
"South Sudan",59,0,0,43,0,16,0,2013
"Soviet Union (former)",1264,25,152,580,8,488,11,2013
"Spain",2480,74,985,1120,115,182,4,2013
"Sri Lanka",1847,164,586,555,210,327,5,2013
"Sudan",1945,80,46,612,250,956,1,2013
"Suriname",178,39,18,110,5,0,0,2013
"Swaziland",15,0,0,7,0,0,0,2013
"Sweden",1106,34,443,543,70,7,9,2013
"Switzerland",697,13,313,314,40,9,8,2013
"Syria",3366,1047,285,1673,70,277,14,2013
"Taiwan",5385,837,2353,2007,170,4,14,2013
"Tajikistan",550,40,50,189,205,66,0,2013
"Tanzania",837,49,108,435,50,194,1,2013
"Thailand",7583,371,451,3491,33,3076,161,2013
"Togo",1257,101,10,638,273,230,5,2013
"Tonga",348,112,0,225,9,0,2,2013
"Trinidad and Tobago",4724,1288,366,2994,31,13,32,2013
"Tunisia",445,8,66,330,31,9,1,2013
"Turkey",4144,198,1292,1785,730,116,23,2013
"Turkmenistan",210,8,14,78,58,52,0,2013
"Turks and Caicos Islands",50,9,0,36,0,0,0,2013
"Uganda",1350,110,83,700,166,281,10,2013
"Ukraine",8193,578,790,3960,1847,738,280,2013
"United Arab Emirates",910,172,315,268,82,61,12,2013
"United Kingdom",12984,518,5948,6303,144,24,47,2013
"United States",319,16,35,221,0,25,0,2013
"Uruguay",1352,86,163,956,0,130,0,2013
"Uzbekistan",4382,220,111,743,2944,337,27,2013
"Venezuela",9572,744,3000,3607,537,1647,37,2013
"Vietnam",27101,13847,458,12528,4,214,50,2013
"Yemen",3532,631,37,2575,108,172,9,2013
"Zambia",505,27,100,309,28,40,1,2013
"Zimbabwe",924,38,206,372,44,257,7,2013
"All other countries",72,5,17,45,0,0,0,2013
"Unknown",3263,975,129,1949,112,71,27,2013
"Afghanistan",10527,403,60,1008,82,528,8446,2014
"Albania",3828,465,87,1699,1426,138,13,2014
"Algeria",1669,148,34,461,1012,0,0,2014
"Angola",148,23,10,77,13,25,0,2014
"Anguilla",20,0,0,13,0,0,0,2014
"Antigua-Barbuda",369,128,15,217,0,0,5,2014
"Argentina",3874,206,1108,2245,63,139,113,2014
"Armenia",2913,317,113,967,1216,292,8,2014
"Aruba",40,0,5,31,0,0,0,2014
"Australia",2809,77,743,1565,408,0,0,2014
"Austria",438,34,155,207,36,0,0,2014
"Azerbaijan",672,80,0,262,201,70,0,2014
"Bahamas",654,59,75,506,4,5,5,2014
"Bahrain",122,16,47,37,0,17,0,2014
"Bangladesh",14645,8709,560,5194,0,114,0,2014
"Barbados",384,121,36,220,0,0,0,2014
"Belarus",2015,118,173,605,801,305,13,2014
"Belgium",632,27,284,282,28,8,3,2014
"Belize",789,224,42,497,0,0,18,2014
"Benin",517,41,11,204,235,22,4,2014
"Bermuda",106,0,20,73,0,0,0,2014
"Bhutan",7298,8,0,25,8,7254,0,2014
"Bolivia",1719,345,246,997,23,50,58,2014
"Bosnia-Herzegovina",693,45,49,476,38,85,0,2014
"Botswana",58,0,5,32,7,9,0,2014
"Brazil",10429,587,2410,7062,10,180,180,2014
"British Virgin Islands",56,0,0,30,0,0,0,2014
"Brunei",25,0,13,0,0,0,0,2014
"Bulgaria",2981,179,292,1454,1011,36,9,2014
"Burkina Faso",583,19,16,229,173,141,5,2014
"Burma",11144,452,68,575,241,9804,4,2014
"Burundi",273,3,15,42,43,170,0,2014
"Cambodia",2536,450,61,1626,372,20,7,2014
"Cameroon",3943,358,103,1212,1381,876,13,2014
"Canada",11586,567,5121,5597,49,49,203,2014
"Cape Verde",1154,544,0,600,4,0,0,2014
"Cayman Islands",48,13,0,31,0,0,0,2014
"Central African Republic",155,0,3,20,0,128,0,2014
"Chad",119,5,0,23,10,78,0,2014
"Chile",1581,156,326,1010,19,39,31,2014
"China, People's Republic",76089,16320,22749,24311,22,12514,173,2014
"Colombia",18175,4294,1444,11425,11,825,176,2014
"Congo, Democratic Republic",4347,151,37,419,2256,1473,11,2014
"Congo, Republic",552,10,10,96,108,322,6,2014
"Costa Rica",1966,179,188,1501,25,52,21,2014
"Cote d'Ivoire",1477,121,39,544,406,337,30,2014
"Croatia",297,0,52,170,40,18,0,2014
"Cuba",46679,3701,5,2586,287,40086,14,2014
"Curacao",27,7,6,11,3,0,0,2014
"Cyprus",129,6,44,69,7,3,0,2014
"Czech Republic",606,26,122,410,32,11,5,2014
"Czechoslovakia (former)",74,0,24,42,0,0,4,2014
"Denmark",514,18,233,228,26,4,5,2014
"Djibouti",190,0,0,38,0,124,0,2014
"Dominica",345,212,0,125,5,0,0,2014
"Dominican Republic",44577,25025,293,19000,6,111,142,2014
"Ecuador",10960,4609,906,4873,0,0,414,2014
"Egypt",11477,1027,722,2774,3462,3462,30,2014
"El Salvador",19273,8176,963,8013,0,386,1735,2014
"Equatorial Guinea",15,0,0,9,0,6,0,2014
"Eritrea",2002,136,0,507,194,1154,0,2014
"Estonia",220,8,32,156,19,0,0,2014
"Ethiopia",12300,1310,182,4271,2494,4020,23,2014
"Fiji",802,262,23,274,211,29,3,2014
"Finland",350,0,141,179,22,0,0,2014
"France",4284,148,1837,1968,289,26,16,2014
"French Polynesia",24,0,0,0,0,0,0,2014
"Gabon",167,12,9,82,22,39,3,2014
"Gambia",1111,106,12,623,16,308,46,2014
"Georgia",1240,82,57,656,361,72,12,2014
"Germany",5584,193,1602,3167,548,42,32,2014
"Ghana",7115,926,280,4266,1556,65,22,2014
"Greece",1235,53,243,800,122,8,9,2014
"Grenada",633,151,27,441,0,0,7,2014
"Guatemala",10238,3015,904,4092,37,675,1515,2014
"Guinea",1375,99,15,428,251,544,38,2014
"Guinea-Bissau",30,0,0,24,0,0,0,2014
"Guyana",6267,4179,87,1958,12,9,22,2014
"Haiti",15274,6998,110,6617,0,1344,205,2014
"Honduras",8156,2214,739,4447,30,244,482,2014
"Hong Kong",2278,907,687,619,42,16,7,2014
"Hungary",996,34,196,642,100,19,5,2014
"Iceland",86,0,36,37,0,0,0,2014
"India",77908,16309,40980,19056,40,877,646,2014
"Indonesia",2139,198,468,1152,50,242,29,2014
"Iran",11615,2224,1215,2729,2897,2521,29,2014
"Iraq",19153,271,68,606,50,14582,3576,2014
"Ireland",1605,22,571,935,69,0,0,2014
"Israel",3805,247,1277,2115,111,29,26,2014
"Italy",3298,155,944,1812,273,102,12,2014
"Jamaica",19026,6379,629,11917,4,44,53,2014
"Japan",5545,170,2134,2949,247,13,32,2014
"Jordan",5187,1625,231,2690,168,453,20,2014
"Kazakhstan",1221,75,113,566,289,168,10,2014
"Kenya",5884,459,363,2711,1298,1019,34,2014
"Korea, North",142,20,44,55,0,23,0,2014
"Korea, South",20423,1565,11875,6872,10,8,93,2014
"Kosovo",758,118,13,424,99,101,3,2014
"Kuwait",1057,256,184,389,71,149,8,2014
"Kyrgyzstan",707,48,24,214,208,209,4,2014
"Laos",806,44,27,673,0,59,3,2014
"Latvia",384,32,35,254,45,14,4,2014
"Lebanon",3245,1092,355,1527,67,194,10,2014
"Lesotho",13,0,0,0,4,0,0,2014
"Liberia",3874,408,14,1265,1638,543,6,2014
"Libya",524,0,42,200,88,169,0,2014
"Lithuania",747,58,59,485,133,5,7,2014
"Luxembourg",26,0,6,12,0,0,0,2014
"Macau",105,46,23,33,3,0,0,2014
"Macedonia",960,169,44,537,179,0,0,2014
"Madagascar",86,0,23,44,13,0,0,2014
"Malawi",172,10,24,99,22,9,8,2014
"Malaysia",2622,199,534,702,29,1151,7,2014
"Maldives",13,0,0,0,9,0,0,2014
"Mali",604,36,21,306,31,173,37,2014
"Malta",39,0,14,19,0,6,0,2014
"Marshall Islands",56,0,0,51,0,0,0,2014
"Mauritania",320,16,10,89,0,199,0,2014
"Mauritius",81,12,30,32,3,0,4,2014
"Mexico",134052,33988,7240,81576,11,618,10619,2014
"Moldova",2341,113,77,693,1032,400,26,2014
"Mongolia",651,34,103,269,75,158,12,2014
"Montenegro",289,61,0,182,14,24,0,2014
"Montserrat",38,19,0,0,0,0,0,2014
"Morocco",3605,480,140,2054,898,16,17,2014
"Mozambique",71,3,4,24,0,34,6,2014
"Namibia",44,3,10,28,0,0,0,2014
"Nepal",12357,806,946,1610,3443,5516,36,2014
"Netherlands",1195,47,501,564,73,0,0,2014
"Netherlands Antilles (former)",45,0,9,31,0,0,0,2014
"New Zealand",796,39,209,429,114,0,5,2014
"Nicaragua",2886,795,67,1800,9,115,100,2014
"Niger",71,11,0,41,16,0,0,2014
"Nigeria",12828,1882,884,7147,2740,126,49,2014
"Norway",271,11,64,186,0,0,0,2014
"Oman",90,20,26,27,8,5,4,2014
"Pakistan",18612,8191,2242,7377,20,703,79,2014
"Palau",12,0,0,9,0,0,0,2014
"Panama",1095,229,68,756,12,21,9,2014
"Papua New Guinea",18,0,3,12,0,0,0,2014
"Paraguay",391,33,41,294,0,0,14,2014
"Peru",10606,3095,702,6397,3,190,219,2014
"Philippines",49996,16644,8340,24782,5,44,181,2014
"Poland",5689,954,1076,3083,519,14,43,2014
"Portugal",892,84,178,579,33,11,7,2014
"Qatar",202,55,34,62,41,10,0,2014
"Romania",3246,242,545,1944,447,53,15,2014
"Russia",9079,576,1233,4683,1794,760,33,2014
"Rwanda",555,19,13,51,138,334,0,2014
"Saint Kitts-Nevis",263,112,10,138,0,0,3,2014
"Saint Lucia",844,252,15,549,14,0,0,2014
"Saint Vincent and the Grenadines",448,128,11,298,3,0,8,2014
"Samoa",239,21,0,214,0,0,0,2014
"Saudi Arabia",1696,333,225,715,239,174,10,2014
"Senegal",1273,164,63,809,103,77,57,2014
"Serbia",1143,77,124,714,199,29,0,2014
"Serbia and Montenegro",267,7,37,123,0,95,5,2014
"Sierra Leone",1740,158,48,724,686,119,5,2014
"Singapore",779,51,375,302,28,16,7,2014
"Sint Maarten",45,0,0,23,0,0,0,2014
"Slovakia",460,30,115,280,31,4,0,2014
"Slovenia",78,0,17,54,3,0,0,2014
"Somalia",5190,176,0,1645,79,3276,0,2014
"South Africa",2676,116,1020,1147,262,116,15,2014
"South Sudan",74,0,0,54,0,0,0,2014
"Soviet Union (former)",1136,17,93,613,8,402,3,2014
"Spain",2928,115,997,1255,170,377,14,2014
"Sri Lanka",1767,246,485,502,284,243,7,2014
"Sudan",2442,129,0,529,592,1161,0,2014
"Suriname",158,58,12,83,0,0,0,2014
"Swaziland",23,0,0,16,0,0,0,2014
"Sweden",954,25,381,495,44,3,6,2014
"Switzerland",656,16,254,305,62,11,8,2014
"Syria",3540,985,212,1573,105,652,13,2014
"Taiwan",4697,921,1680,1921,155,0,0,2014
"Tajikistan",516,0,36,188,220,43,0,2014
"Tanzania",774,50,71,398,37,208,10,2014
"Thailand",6197,313,377,3064,16,2202,225,2014
"Togo",1612,180,9,690,554,163,16,2014
"Tonga",320,110,0,204,0,0,0,2014
"Trinidad and Tobago",3988,913,244,2677,68,7,79,2014
"Tunisia",429,0,37,290,44,29,0,2014
"Turkey",3834,208,897,1645,931,139,14,2014
"Turkmenistan",254,0,22,87,105,21,0,2014
"Turks and Caicos Islands",40,6,0,30,0,0,0,2014
"Uganda",1409,97,115,662,198,331,6,2014
"Ukraine",7752,837,659,3886,1790,518,62,2014
"United Arab Emirates",1039,235,265,284,124,112,19,2014
"United Kingdom",12225,594,4888,6526,131,23,63,2014
"United States",358,21,26,274,3,16,18,2014
"Uruguay",1128,44,114,856,8,53,53,2014
"Uzbekistan",5194,399,99,796,3504,345,51,2014
"Venezuela",8427,749,2039,3667,684,1214,74,2014
"Vietnam",30283,18603,549,10922,3,155,51,2014
"Yemen",3492,665,0,2379,241,145,0,2014
"Zambia",441,29,50,266,26,67,3,2014
"Zimbabwe",797,60,145,330,51,197,14,2014
"All other countries",82,15,12,49,0,0,0,2014
"Unknown",1150,290,48,628,59,77,48,2014
"Afghanistan",8328,272,16,1011,50,691,6288,2015
"Albania",4653,614,81,2017,1770,152,19,2015
"Algeria",1775,103,40,570,1035,19,8,2015
"Angola",154,8,12,89,6,39,0,2015
"Anguilla",22,0,0,18,0,0,1,2015
"Antigua-Barbuda",290,97,12,176,0,0,0,2015
"Argentina",3730,194,1095,2194,48,133,66,2015
"Armenia",2962,247,120,1035,1324,225,11,2015
"Aruba",38,4,4,30,0,0,0,2015
"Australia",3034,68,930,1636,390,0,0,2015
"Austria",474,17,166,247,39,5,0,2015
"Azerbaijan",676,70,34,291,229,49,3,2015
"Bahamas",725,53,84,562,6,14,6,2015
"Bahrain",145,24,60,47,0,0,0,2015
"Bangladesh",13570,7044,653,5667,0,167,39,2015
"Barbados",376,97,28,235,9,0,7,2015
"Belarus",1994,86,236,695,772,199,6,2015
"Belgium",662,14,303,298,40,0,0,2015
"Belize",772,182,35,537,0,5,13,2015
"Benin",466,19,11,233,180,19,4,2015
"Bermuda",112,19,13,77,0,0,0,2015
"Bhutan",6325,0,4,28,0,6290,0,2015
"Bolivia",1626,248,220,1038,17,43,60,2015
"Bosnia-Herzegovina",859,0,66,602,69,64,0,2015
"Botswana",61,3,6,28,6,18,0,2015
"Brazil",11424,452,2725,7903,21,116,207,2015
"British Virgin Islands",38,10,0,24,0,0,0,2015
"Brunei",21,3,8,10,0,0,0,2015
"Bulgaria",2688,130,301,1379,819,45,14,2015
"Burkina Faso",575,33,15,274,98,152,3,2015
"Burma",12808,486,0,688,134,11443,0,2015
"Burundi",351,9,8,60,40,234,0,2015
"Cambodia",1868,336,60,1224,190,51,7,2015
"Cameroon",4374,425,91,1557,1470,825,6,2015
"Canada",12673,534,5551,6237,68,44,239,2015
"Cape Verde",1253,578,4,658,7,3,3,2015
"Cayman Islands",53,5,6,39,0,0,0,2015
"Central African Republic",234,0,6,19,0,205,0,2015
"Chad",175,0,0,29,10,129,1,2015
"Chile",1596,112,333,1061,14,40,36,2015
"China, People's Republic",74558,14384,22531,27659,24,9727,233,2015
"Colombia",17316,3211,1292,11870,12,785,146,2015
"Congo, Democratic Republic",5345,172,38,490,2596,2043,6,2015
"Congo, Republic",496,20,3,87,68,313,5,2015
"Costa Rica",2029,155,212,1589,9,27,37,2015
"Cote d'Ivoire",1497,107,62,584,397,305,42,2015
"Croatia",348,15,58,235,27,13,0,2015
"Cuba",54396,2211,9,3882,428,47803,63,2015
"Curacao",22,4,6,12,0,0,0,2015
"Cyprus",113,0,39,61,7,0,0,2015
"Czech Republic",637,18,109,456,41,8,5,2015
"Czechoslovakia (former)",58,0,14,39,0,0,0,2015
"Denmark",609,6,290,284,24,0,0,2015
"Djibouti",370,0,0,34,12,319,0,2015
"Dominica",229,123,0,0,0,0,0,2015
"Dominican Republic",50610,26432,369,23554,0,0,147,2015
"Ecuador",10187,3100,641,5675,0,0,585,2015
"Egypt",12085,903,746,3334,2890,4194,18,2015
"El Salvador",19487,6845,1327,9446,3,366,1500,2015
"Equatorial Guinea",25,0,0,13,0,8,0,2015
"Eritrea",2220,155,0,511,178,1352,0,2015
"Estonia",189,8,25,131,19,3,3,2015
"Ethiopia",11394,1544,170,3350,2507,3808,15,2015
"Fiji",875,309,17,339,169,34,7,2015
"Finland",407,5,209,177,16,0,0,2015
"France",4693,122,2121,2085,314,41,10,2015
"French Polynesia",14,0,0,0,0,0,0,2015
"Gabon",146,0,9,92,15,21,0,2015
"Gambia",1142,89,30,732,9,242,40,2015
"Georgia",1410,111,63,734,431,68,3,2015
"Germany",5436,142,1724,3026,458,59,27,2015
"Ghana",6186,886,337,4346,508,88,21,2015
"Greece",1211,65,309,715,113,0,0,2015
"Grenada",525,122,23,360,0,0,14,2015
"Guatemala",11773,2647,1608,5196,25,667,1630,2015
"Guinea",1389,97,14,455,306,481,36,2015
"Guinea-Bissau",39,0,0,28,0,6,0,2015
"Guyana",5543,3423,59,2007,11,16,27,2015
"Haiti",16967,7002,114,8475,3,1240,133,2015
"Honduras",9274,1982,1188,5081,28,284,711,2015
"Hong Kong",2085,705,675,636,38,19,12,2015
"Hungary",1095,31,256,676,114,14,4,2015
"Iceland",104,0,43,42,0,0,0,2015
"India",64116,14591,27514,20558,53,978,422,2015
"Indonesia",2084,134,467,1193,57,187,46,2015
"Iran",13114,2250,1485,3232,2377,3756,14,2015
"Iraq",21107,209,68,866,37,18973,954,2015
"Ireland",1607,24,651,881,45,0,0,2015
"Israel",3965,155,1640,2013,98,39,20,2015
"Italy",3544,102,1125,1889,269,147,12,2015
"Jamaica",17642,5440,622,11437,0,63,80,2015
"Japan",5395,139,1957,3092,178,14,15,2015
"Jordan",4664,1172,281,2519,101,581,10,2015
"Kazakhstan",1201,45,117,561,351,123,4,2015
"Kenya",5602,419,360,2569,1046,1173,35,2015
"Korea, North",55,0,10,26,0,12,0,2015
"Korea, South",17138,949,9645,6465,7,7,65,2015
"Kosovo",814,115,10,475,118,96,0,2015
"Kuwait",1055,189,222,382,41,217,4,2015
"Kyrgyzstan",790,34,47,284,245,175,5,2015
"Laos",917,85,43,753,0,36,0,2015
"Latvia",480,23,36,366,43,5,7,2015
"Lebanon",2813,723,400,1454,50,173,13,2015
"Lesotho",23,0,3,17,0,0,0,2015
"Liberia",3795,309,20,1252,1787,414,13,2015
"Libya",734,24,43,289,81,297,0,2015
"Lithuania",750,42,63,506,128,5,6,2015
"Luxembourg",27,0,0,13,0,0,0,2015
"Macau",99,41,27,21,10,0,0,2015
"Macedonia",1060,132,62,637,210,0,0,2015
"Madagascar",72,8,19,29,16,0,0,2015
"Malawi",160,9,19,79,7,46,0,2015
"Malaysia",2749,152,583,682,20,1296,16,2015
"Mali",587,27,15,314,19,161,51,2015
"Malta",58,0,0,15,0,26,0,2015
"Marshall Islands",32,0,0,0,0,0,0,2015
"Mauritania",298,19,6,115,0,154,0,2015
"Mauritius",96,6,39,46,0,0,0,2015
"Mexico",158619,41529,6479,97816,9,726,12060,2015
"Moldova",2496,93,100,753,1304,241,5,2015
"Monaco",10,0,0,0,0,0,0,2015
"Mongolia",644,31,82,337,66,104,24,2015
"Montenegro",251,36,5,186,11,13,0,2015
"Montserrat",14,5,0,9,0,0,0,2015
"Morocco",3710,298,131,2350,900,18,13,2015
"Mozambique",107,3,21,26,4,53,0,2015
"Namibia",86,0,14,30,5,37,0,2015
"Nepal",12926,657,1358,2161,3471,5261,18,2015
"Netherlands",1309,21,565,662,51,6,4,2015
"Netherlands Antilles (former)",22,0,7,15,0,0,0,2015
"New Zealand",855,20,222,465,145,0,0,2015
"Nicaragua",3324,828,0,2167,0,119,142,2015
"Niger",55,0,0,42,6,0,0,2015
"Nigeria",11542,1702,861,8279,519,144,37,2015
"Norway",310,6,95,201,0,3,0,2015
"Oman",85,0,30,32,7,8,0,2015
"Pakistan",18057,6793,2276,8095,11,803,79,2015
"Palau",15,0,0,9,0,0,0,2015
"Panama",1052,175,95,728,6,34,14,2015
"Papua New Guinea",11,0,4,7,0,0,0,2015
"Paraguay",382,26,54,279,0,18,0,2015
"Peru",10148,2536,547,6651,8,157,249,2015
"Philippines",56478,15695,10545,29955,9,19,255,2015
"Poland",5275,897,837,3060,418,17,46,2015
"Portugal",857,60,216,536,21,10,14,2015
"Qatar",229,34,51,70,60,14,0,2015
"Romania",3376,239,534,1980,518,97,8,2015
"Russia",8799,428,1732,4335,1748,532,24,2015
"Rwanda",732,8,26,75,179,444,0,2015
"Saint Kitts-Nevis",222,81,7,130,0,0,0,2015
"Saint Lucia",739,188,30,508,0,0,6,2015
"Saint Vincent and the Grenadines",415,78,20,308,0,0,5,2015
"Samoa",207,0,0,198,0,0,0,2015
"Saudi Arabia",1744,253,310,717,269,192,3,2015
"Senegal",1244,111,70,828,102,83,50,2015
"Serbia",1278,90,135,829,201,0,0,2015
"Serbia and Montenegro (former)",232,7,26,122,0,71,0,2015
"Seychelles",11,0,0,6,0,0,0,2015
"Sierra Leone",1599,121,46,889,424,111,8,2015
"Singapore",781,47,426,282,12,9,5,2015
"Sint Maarten",45,13,0,29,0,0,0,2015
"Slovakia",424,11,91,262,45,11,4,2015
"Slovenia",107,0,29,71,0,0,1,2015
"Somalia",6796,116,0,986,56,5630,0,2015
"South Africa",2907,77,935,1286,262,332,15,2015
"South Sudan",127,0,0,91,3,29,0,2015
"Soviet Union (former)",1022,9,191,541,5,272,4,2015
"Spain",3303,108,1114,1328,167,578,8,2015
"Sri Lanka",1763,233,477,552,249,238,14,2015
"Sudan",3580,99,0,491,983,1975,0,2015
"Suriname",134,32,8,91,0,0,0,2015
"Swaziland",19,0,5,14,0,0,0,2015
"Sweden",1066,27,393,581,50,12,3,2015
"Switzerland",640,10,251,331,34,8,6,2015
"Syria",3840,801,250,1507,140,1137,5,2015
"Taiwan",4888,662,2119,1950,138,0,0,2015
"Tajikistan",595,25,44,188,277,61,0,2015
"Tanzania",799,59,0,406,66,211,0,2015
"Thailand",7502,291,336,3288,25,3439,123,2015
"Togo",1547,155,16,669,537,157,13,2015
"Tonga",327,103,0,210,0,0,0,2015
"Trinidad and Tobago",3212,651,272,2188,53,4,44,2015
"Tunisia",518,20,56,351,41,45,5,2015
"Turkey",4201,222,1041,1670,1108,142,18,2015
"Turkmenistan",226,0,20,68,90,35,0,2015
"Turks and Caicos Islands",38,3,0,30,0,0,2,2015
"Uganda",1664,122,135,686,185,531,5,2015
"Ukraine",7987,797,881,4519,1285,471,34,2015
"United Arab Emirates",1193,209,312,303,118,238,13,2015
"United Kingdom",12592,492,5459,6481,92,31,37,2015
"United States",370,12,43,270,0,19,26,2015
"Uruguay",1078,37,115,834,5,47,40,2015
"Uzbekistan",3977,396,131,805,2318,306,21,2015
"Venezuela",9144,731,2207,4610,738,806,52,2015
"Vietnam",30832,16065,872,13690,0,148,0,2015
"Yemen",3194,577,25,2319,136,134,3,2015
"Zambia",460,31,75,272,35,44,3,2015
"Zimbabwe",779,60,167,311,42,189,10,2015
"All other countries1",73,7,15,44,0,0,0,2015
"Unknown",677,112,36,411,22,53,43,2015
"Afghanistan",12513,400,42,1081,127,686,10177,2016
"Albania",5773,889,75,2918,1730,155,6,2016
"Algeria",2180,169,62,674,1253,21,1,2016
"Angola",198,20,30,85,30,32,1,2016
"Anguilla",20,4,0,15,0,0,1,2016
"Antigua and Barbuda",324,91,15,217,0,0,1,2016
"Argentina",4091,195,1343,2341,31,101,80,2016
"Armenia",3543,304,102,1589,1286,256,6,2016
"Aruba",23,0,0,0,0,0,0,2016
"Australia",3239,67,1006,1773,388,0,0,2016
"Austria",432,15,149,233,27,5,3,2016
"Azerbaijan",784,54,56,354,232,87,1,2016
"Bahamas",656,52,60,532,5,5,2,2016
"Bahrain",138,28,62,36,5,7,0,2016
"Bangladesh",18723,9899,653,7841,0,289,0,2016
"Barbados",371,80,42,245,0,0,4,2016
"Belarus",2127,109,285,751,792,188,2,2016
"Belgium",691,19,308,323,32,9,0,2016
"Belize",851,183,46,586,0,0,24,2016
"Benin",577,21,18,267,249,22,0,2016
"Bermuda",99,0,19,70,0,0,0,2016
"Bhutan",4217,3,11,47,3,4153,0,2016
"Bolivia",1595,287,109,1098,24,38,39,2016
"Bosnia and Herzegovina",971,126,72,642,61,65,5,2016
"Botswana",78,8,14,39,3,13,1,2016
"Brazil",13812,551,3489,9438,14,152,168,2016
"Brunei",31,4,14,13,0,0,0,2016
"Bulgaria",2670,163,281,1445,726,50,5,2016
"Burkina Faso",642,38,11,267,144,179,3,2016
"Burma",13065,569,61,777,125,11532,1,2016
"Burundi",415,9,11,58,58,278,1,2016
"Cabo Verde",2242,1086,3,1145,3,4,1,2016
"Cambodia",3173,508,70,2239,287,63,6,2016
"Cameroon",4899,485,104,1936,1664,701,9,2016
"Canada",12793,576,5221,6665,62,73,196,2016
"Cayman Islands",55,8,3,38,0,6,0,2016
"Central African Republic",202,5,0,26,0,167,0,2016
"Chad",136,6,4,27,15,84,0,2016
"Chile",1698,81,381,1166,3,49,18,2016
"China, People's Republic",81772,17294,19942,31658,28,12657,193,2016
"Colombia",18610,3097,1339,13014,14,1008,138,2016
"Congo, Democratic Republic",6791,208,39,865,2839,2840,0,2016
"Congo, Republic",625,6,11,97,46,460,5,2016
"Costa Rica",2224,148,237,1753,3,52,31,2016
"Cote d'Ivoire",1617,126,36,730,391,309,25,2016
"Croatia",388,20,72,254,29,13,0,2016
"Cuba",66516,4363,17,4555,538,57036,7,2016
"Curacao",35,4,4,22,0,5,0,2016
"Cyprus",131,7,23,80,12,9,0,2016
"Czechia",650,9,151,445,38,5,2,2016
"Czechoslovakia (former)",62,0,11,42,0,0,4,2016
"Denmark",521,14,243,243,17,3,1,2016
"Djibouti",281,7,4,54,24,191,1,2016
"Dominica",298,155,4,136,3,0,0,2016
"Dominican Republic",61161,28375,330,32191,3,111,151,2016
"Ecuador",10757,3043,671,6246,0,235,562,2016
"Egypt",12045,941,881,3899,3476,2826,22,2016
"El Salvador",23449,6573,1860,12516,0,897,1603,2016
"Equatorial Guinea",18,0,0,14,0,0,0,2016
"Eritrea",2267,178,29,678,134,1247,1,2016
"Estonia",211,0,38,140,18,0,0,2016
"Ethiopia",13232,1993,190,5372,2096,3569,12,2016
"Fiji",866,296,14,341,181,33,1,2016
"Finland",489,12,225,215,35,0,2,2016
"France",5159,186,2418,2233,276,37,9,2016
"French Polynesia",27,0,0,21,0,0,0,2016
"Gabon",165,0,9,108,13,32,0,2016
"Gambia",1247,104,18,850,19,242,14,2016
"Georgia",1635,142,82,900,445,64,2,2016
"Germany",5306,171,1653,3019,409,42,12,2016
"Ghana",6949,1151,252,4962,478,90,16,2016
"Greece",1451,59,340,916,117,18,1,2016
"Grenada",585,78,29,464,0,0,9,2016
"Guatemala",13002,2438,1530,6295,13,1162,1564,2016
"Guinea",1501,122,16,743,245,352,23,2016
"Guinea-Bissau",37,4,0,28,0,0,0,2016
"Guyana",5771,3256,57,2399,4,21,34,2016
"Haiti",23584,8807,169,13576,0,948,84,2016
"Honduras",13302,2284,1316,8379,28,469,826,2016
"Hong Kong",2510,943,692,801,47,25,2,2016
"Hungary",1048,23,264,653,94,13,1,2016
"Iceland",97,0,0,57,0,0,0,2016
"India",64687,18230,20747,24246,28,1068,368,2016
"Indonesia",2129,187,382,1324,37,173,26,2016
"Iran",13298,2523,1600,3172,2883,3111,9,2016
"Iraq",18904,279,72,1310,103,15026,2114,2016
"Ireland",1759,40,666,993,51,4,5,2016
"Israel",4142,174,1704,2119,102,33,10,2016
"Italy",4078,146,1320,2106,273,228,5,2016
"Jamaica",23350,5831,823,16587,0,0,55,2016
"Japan",5207,167,1650,3203,170,8,9,2016
"Jordan",5269,1360,311,3199,102,284,13,2016
"Kazakhstan",1310,64,155,588,359,144,0,2016
"Kenya",6274,399,423,2810,1039,1574,29,2016
"Korea, North",47,0,0,27,0,12,0,2016
"Korea, South",21801,1250,13463,7053,7,9,19,2016
"Kosovo",1020,121,22,605,180,91,1,2016
"Kuwait",1186,192,197,473,57,262,5,2016
"Kyrgyzstan",847,42,47,328,228,201,1,2016
"Laos",856,105,12,720,0,18,1,2016
"Latvia",391,34,59,264,31,0,0,2016
"Lebanon",2971,793,349,1668,47,109,5,2016
"Lesotho",19,0,0,15,0,0,1,2016
"Liberia",3619,326,30,1504,1403,352,4,2016
"Libya",642,34,66,328,75,135,4,2016
"Lithuania",735,53,60,476,140,0,0,2016
"Luxembourg",34,3,16,12,0,0,0,2016
"Macau",109,30,45,28,6,0,0,2016
"Macedonia",1262,204,42,730,266,17,3,2016
"Madagascar",88,0,18,42,20,0,0,2016
"Malawi",205,11,23,104,7,59,1,2016
"Malaysia",3382,181,552,781,37,1822,9,2016
"Maldives",11,0,0,7,0,0,0,2016
"Mali",598,30,26,326,26,168,22,2016
"Malta",65,0,9,26,0,30,0,2016
"Marshall Islands",32,0,0,0,0,0,0,2016
"Mauritania",317,16,16,127,6,151,1,2016
"Mauritius",110,11,38,51,10,0,0,2016
"Mexico",174534,34718,6078,119541,11,1042,13144,2016
"Micronesia, Federated States",11,0,0,0,0,0,0,2016
"Moldova",2929,149,102,814,1435,428,1,2016
"Monaco",11,0,4,4,0,0,0,2016
"Mongolia",750,29,112,354,135,106,14,2016
"Montenegro",387,94,11,261,8,9,4,2016
"Montserrat",14,0,0,8,0,0,0,2016
"Morocco",4586,421,152,2958,1025,21,9,2016
"Mozambique",101,3,8,37,0,53,0,2016
"Namibia",87,0,12,31,0,41,0,2016
"Nepal",12851,994,1386,2989,3242,4209,31,2016
"Netherlands",1319,39,542,683,43,9,3,2016
"Netherlands Antilles (former)",18,0,0,13,0,0,0,2016
"New Zealand",846,35,234,484,90,0,0,2016
"Nicaragua",3486,778,75,2401,10,121,101,2016
"Niger",119,8,12,86,13,0,0,2016
"Nigeria",14380,2313,958,10914,20,133,42,2016
"Norway",362,21,104,231,0,0,0,2016
"Oman",116,24,35,27,12,17,1,2016
"Pakistan",19313,7121,1992,9272,10,887,31,2016
"Palau",14,0,0,0,0,0,0,2016
"Panama",1029,146,96,760,4,17,6,2016
"Papua New Guinea",23,0,5,13,0,0,0,2016
"Paraguay",434,30,46,337,0,17,4,2016
"Peru",10940,2687,462,7425,8,140,218,2016
"Philippines",53287,14857,7657,30345,9,17,402,2016
"Poland",5603,887,798,3512,363,11,32,2016
"Portugal",1006,62,197,704,18,15,10,2016
"Qatar",272,51,54,106,43,18,0,2016
"Romania",3554,270,562,2224,403,91,4,2016
"Russia",9297,555,1627,4781,1815,499,20,2016
"Rwanda",1357,20,20,100,258,956,3,2016
"Saint Kitts and Nevis",250,74,4,172,0,0,0,2016
"Saint Lucia",777,104,32,628,0,0,0,2016
"Saint Vincent and the Grenadines",422,75,28,314,0,0,1,2016
"Samoa",219,0,0,211,0,0,0,2016
"Sao Tome and Principe",12,0,0,9,0,0,0,2016
"Saudi Arabia",2117,316,318,901,271,307,4,2016
"Senegal",1533,137,63,1085,117,86,45,2016
"Serbia",1351,108,122,859,239,22,1,2016
"Serbia and Montenegro (former)",202,7,36,98,0,56,5,2016
"Seychelles",16,0,0,10,0,0,0,2016
"Sierra Leone",1535,128,10,949,324,121,3,2016
"Singapore",812,42,431,316,15,5,3,2016
"Sint Maarten",42,0,6,33,0,3,0,2016
"Slovakia",483,19,89,339,28,7,1,2016
"Slovenia",119,0,35,69,9,3,0,2016
"Somalia",6958,177,13,1489,80,5199,0,2016
"South Africa",3023,112,932,1433,231,307,8,2016
"South Sudan",124,3,0,100,7,14,0,2016
"Soviet Union (former)",1042,16,153,568,4,296,5,2016
"Spain",3519,118,1321,1383,151,540,6,2016
"Sri Lanka",1913,254,477,634,296,241,11,2016
"Sudan",3159,111,28,726,1256,1037,1,2016
"Suriname",156,44,9,97,0,0,0,2016
"Swaziland",20,0,0,0,0,0,0,2016
"Sweden",1144,27,444,617,46,7,3,2016
"Switzerland",743,21,291,369,45,16,1,2016
"Syria",4800,1170,241,1850,114,1416,9,2016
"Taiwan",5120,841,2083,2052,137,0,0,2016
"Tajikistan",593,29,52,179,289,42,2,2016
"Tanzania",788,51,59,420,28,226,4,2016
"Thailand",7039,300,362,3612,32,2651,82,2016
"Togo",1938,201,11,899,710,114,3,2016
"Tonga",283,48,8,221,4,0,2,2016
"Trinidad and Tobago",3469,614,242,2556,21,5,31,2016
"Tunisia",518,17,55,366,64,14,2,2016
"Turkey",4469,227,1154,1900,1000,179,9,2016
"Turkmenistan",235,15,29,98,75,18,0,2016
"Turks and Caicos Islands",39,5,0,28,0,0,0,2016
"Uganda",1649,86,109,663,152,623,16,2016
"Ukraine",10422,986,930,5404,1915,1175,12,2016
"United Arab Emirates",1370,247,382,388,137,197,19,2016
"United Kingdom",12673,565,5132,6848,76,28,24,2016
"United States",468,0,30,364,0,30,28,2016
"Uruguay",972,31,112,763,4,33,29,2016
"Uzbekistan",4359,588,133,903,2500,225,10,2016
"Venezuela",10772,818,2550,5490,724,1135,55,2016
"Vietnam",41451,21845,1261,18172,0,115,58,2016
"Virgin Islands, British",40,8,5,27,0,0,0,2016
"Yemen",13040,4049,26,8407,421,134,3,2016
"Zambia",487,22,78,280,15,91,1,2016
"Zimbabwe",815,76,143,399,66,123,8,2016
"All other countries 1",52,0,10,28,6,0,0,2016
"Unknown",1724,371,54,1161,60,43,35,2016
"Afghanistan",19538,345,39,1112,159,1013,16870,2017
"Albania",5722,1083,70,2154,2330,78,7,2017
"Algeria",2139,137,63,589,1333,15,2,2017
"Angola",209,20,24,103,19,38,5,2017
"Anguilla",23,9,0,14,0,0,0,2017
"Antigua and Barbuda",322,114,0,194,0,0,0,2017
"Argentina",3482,139,1134,2029,33,87,60,2017
"Armenia",3437,352,119,1301,1488,171,6,2017
"Aruba",47,0,8,31,0,0,0,2017
"Australia",2906,79,926,1569,325,3,4,2017
"Austria",387,13,136,205,27,5,1,2017
"Azerbaijan",881,62,52,341,359,66,1,2017
"Bahamas",725,74,80,559,3,5,4,2017
"Bahrain",130,25,50,38,5,9,3,2017
"Bangladesh",14693,7711,752,6089,0,114,27,2017
"Barbados",373,85,32,249,0,0,0,2017
"Belarus",1919,114,294,685,677,145,4,2017
"Belgium",625,11,281,274,48,9,2,2017
"Belize",746,165,15,541,0,0,16,2017
"Benin",648,27,27,279,298,14,3,2017
"Bermuda",68,8,10,49,0,0,1,2017
"Bhutan",2940,3,6,46,10,2873,2,2017
"Bolivia",1510,281,108,1032,18,29,42,2017
"Bosnia and Herzegovina",846,117,61,552,68,48,0,2017
"Botswana",112,5,18,40,3,46,0,2017
"Brazil",14989,683,3841,10102,9,140,214,2017
"Brunei",24,0,11,0,0,0,1,2017
"Bulgaria",2184,167,265,1237,491,20,4,2017
"Burkina Faso",541,33,39,246,142,78,3,2017
"Burma",12897,576,59,864,154,11243,1,2017
"Burundi",1094,13,7,92,80,902,0,2017
"Cabo Verde",2618,1405,4,1203,0,3,0,2017
"Cambodia",4056,731,139,2938,231,10,7,2017
"Cameroon",4668,507,78,2088,1559,432,4,2017
"Canada",11484,644,4793,5687,54,65,241,2017
"Cayman Islands",67,0,15,25,0,17,0,2017
"Central African Republic",178,0,0,46,7,117,0,2017
"Chad",205,0,0,35,0,150,0,2017
"Chile",1625,80,382,1067,5,72,19,2017
"China, People's Republic",71565,15773,19221,27683,19,8700,169,2017
"Colombia",17956,3417,1275,12324,9,821,110,2017
"Congo, Democratic Republic",8709,279,41,527,2989,4872,1,2017
"Congo, Republic",632,10,6,88,58,466,4,2017
"Costa Rica",2184,151,236,1703,18,49,27,2017
"Cote d'Ivoire",1810,204,21,762,623,193,7,2017
"Croatia",375,33,92,209,21,20,0,2017
"Cuba",65028,4743,12,4752,396,55117,8,2017
"Curacao",34,10,0,15,0,0,0,2017
"Cyprus",117,0,35,68,0,0,0,2017
"Czechia",582,12,111,419,30,5,5,2017
"Czechoslovakia (former)",52,0,18,27,0,4,0,2017
"Denmark",461,0,216,215,22,0,1,2017
"Djibouti",222,0,0,27,36,142,0,2017
"Dominica",510,184,19,302,3,0,2,2017
"Dominican Republic",58520,30147,314,27844,3,105,107,2017
"Ecuador",10594,3215,569,5957,0,0,602,2017
"Egypt",9834,1133,952,3524,2918,1298,9,2017
"El Salvador",25109,7764,1349,13063,0,0,1614,2017
"Equatorial Guinea",20,0,0,15,0,5,0,2017
"Eritrea",2449,266,22,757,106,1298,0,2017
"Estonia",176,7,42,117,9,0,1,2017
"Ethiopia",14637,2301,209,6256,2608,3247,16,2017
"Fiji",805,278,17,279,191,32,8,2017
"Finland",439,6,245,166,22,0,0,2017
"France",4782,153,2334,2007,253,29,6,2017
"French Polynesia",20,0,0,14,0,0,0,2017
"Gabon",150,16,8,93,13,19,1,2017
"Gambia",1134,141,17,759,14,192,11,2017
"Georgia",1629,132,89,824,534,48,2,2017
"Germany",4662,173,1546,2622,267,34,20,2017
"Ghana",8455,1654,244,5782,677,84,14,2017
"Greece",1314,74,348,748,135,7,2,2017
"Grenada",544,106,36,394,3,0,5,2017
"Guatemala",13198,2700,1184,6294,7,1513,1500,2017
"Guinea",1348,125,11,721,286,192,13,2017
"Guinea-Bissau",48,7,0,38,0,0,0,2017
"Guyana",5468,3213,47,2175,0,0,16,2017
"Haiti",21824,9139,254,11923,0,454,54,2017
"Honduras",11387,1920,1137,6636,36,737,921,2017
"Hong Kong",2415,993,677,700,36,8,1,2017
"Hungary",972,37,242,585,86,19,3,2017
"Iceland",86,3,42,34,6,0,1,2017
"India",60394,14962,23569,20549,40,795,479,2017
"Indonesia",1914,203,334,1177,42,137,21,2017
"Iran",13791,2366,2049,3128,2583,3656,9,2017
"Iraq",14203,325,58,1594,173,9536,2517,2017
"Ireland",1485,38,565,849,29,3,1,2017
"Israel",3802,126,1642,1915,70,35,14,2017
"Italy",3655,177,1284,1786,221,182,5,2017
"Jamaica",21905,6150,957,14694,0,0,54,2017
"Japan",4635,187,1541,2733,158,7,9,2017
"Jordan",5264,1554,296,2945,114,333,22,2017
"Kazakhstan",1377,83,183,562,402,142,5,2017
"Kenya",6957,527,361,3119,1290,1637,23,2017
"Korea, North",32,0,0,14,0,0,1,2017
"Korea, South",19194,1374,11315,6439,7,5,54,2017
"Kosovo",1014,147,15,497,303,48,4,2017
"Kuwait",1177,251,242,433,45,201,5,2017
"Kyrgyzstan",715,43,54,254,194,168,2,2017
"Laos",685,111,32,526,0,16,0,2017
"Latvia",359,17,57,259,19,4,3,2017
"Lebanon",2818,850,363,1462,65,76,2,2017
"Lesotho",24,0,0,17,0,0,0,2017
"Liberia",4155,577,39,1856,1394,287,2,2017
"Libya",780,26,106,434,148,62,4,2017
"Lithuania",645,44,55,453,83,6,4,2017
"Luxembourg",33,0,16,14,0,0,0,2017
"Macau",109,53,30,0,0,0,0,2017
"Macedonia",1027,210,35,544,229,9,0,2017
"Madagascar",60,0,17,28,11,0,0,2017
"Malawi",228,5,20,91,7,104,1,2017
"Malaysia",4109,183,478,698,54,2693,3,2017
"Mali",544,42,16,338,33,105,10,2017
"Malta",75,0,8,18,0,48,0,2017
"Marshall Islands",23,0,0,0,0,0,0,2017
"Mauritania",287,19,5,122,14,127,0,2017
"Mauritius",96,14,26,51,5,0,0,2017
"Mexico",170581,34413,5493,114431,6,1056,15182,2017
"Moldova",2480,87,122,773,1206,286,6,2017
"Monaco",14,0,9,5,0,0,0,2017
"Mongolia",661,30,125,311,120,49,26,2017
"Montenegro",323,82,7,209,15,8,2,2017
"Montserrat",12,0,0,12,0,0,0,2017
"Morocco",4229,354,131,2371,1346,19,8,2017
"Mozambique",96,4,13,35,4,38,2,2017
"Namibia",130,3,7,43,7,69,1,2017
"Nepal",11610,1064,1355,2684,3205,3287,15,2017
"Netherlands",1056,31,376,612,22,13,2,2017
"New Zealand",798,0,249,420,98,0,0,2017
"Nicaragua",3072,756,80,2028,3,81,124,2017
"Niger",116,10,11,86,9,0,0,2017
"Nigeria",13539,2631,979,9741,15,150,23,2017
"Norway",290,4,69,202,10,4,1,2017
"Oman",104,12,33,34,11,12,2,2017
"Pakistan",17408,6858,2250,7483,8,763,46,2017
"Palau",13,0,0,13,0,0,0,2017
"Panama",889,156,49,658,0,16,0,2017
"Papua New Guinea",18,0,0,11,0,0,0,2017
"Paraguay",391,32,28,306,3,17,5,2017
"Peru",10115,2875,411,6445,4,115,265,2017
"Philippines",49147,13495,9341,25684,5,22,600,2017
"Poland",4845,828,787,2939,249,12,30,2017
"Portugal",939,69,228,617,14,5,6,2017
"Qatar",224,24,64,87,36,13,0,2017
"Romania",2953,251,538,1809,286,57,12,2017
"Russia",8918,520,1944,4284,1556,603,11,2017
"Rwanda",1394,32,19,99,219,1024,1,2017
"Saint Kitts and Nevis",238,70,0,161,0,0,0,2017
"Saint Lucia",777,163,30,572,6,0,0,2017
"Saint Vincent and the Grenadines",361,78,14,265,0,0,4,2017
"Samoa",194,7,0,184,0,0,0,2017
"Sao Tome and Principe",10,0,0,0,0,0,1,2017
"Saudi Arabia",2135,334,404,878,327,189,3,2017
"Senegal",1470,164,53,1069,112,61,11,2017
"Serbia",1410,112,148,851,279,20,0,2017
"Serbia and Montenegro (former)",144,0,27,78,0,34,0,2017
"Seychelles",10,0,0,10,0,0,0,2017
"Sierra Leone",2058,265,20,1235,465,70,3,2017
"Singapore",818,66,427,312,0,0,0,2017
"Sint Maarten",35,0,4,31,0,0,0,2017
"Slovakia",388,10,98,254,21,0,0,2017
"Slovenia",108,0,29,63,12,0,0,2017
"Somalia",7404,256,10,1706,85,5344,3,2017
"South Africa",2912,120,860,1277,288,361,6,2017
"South Sudan",160,17,3,108,8,24,0,2017
"Soviet Union (former)",939,11,170,554,4,196,4,2017
"Spain",3045,106,1076,1290,117,450,6,2017
"Sri Lanka",1627,249,460,541,213,146,18,2017
"Sudan",3515,85,23,597,1609,1200,1,2017
"Suriname",136,47,0,79,0,0,0,2017
"Swaziland",19,0,7,6,0,0,2,2017
"Sweden",950,32,345,514,53,4,2,2017
"Switzerland",565,18,235,270,34,6,2,2017
"Syria",5877,1253,264,1808,151,2390,11,2017
"Taiwan",4858,796,2170,1712,175,0,0,2017
"Tajikistan",652,28,30,158,362,70,4,2017
"Tanzania",1415,68,84,383,45,825,10,2017
"Thailand",6311,295,348,3283,20,2304,61,2017
"Togo",1572,153,7,622,697,83,10,2017
"Tonga",262,65,0,180,15,0,2,2017
"Trinidad and Tobago",3100,690,211,2149,0,0,29,2017
"Tunisia",535,17,61,346,94,16,1,2017
"Turkey",4844,177,1260,1965,1254,172,16,2017
"Turkmenistan",251,21,19,96,94,21,0,2017
"Turks and Caicos Islands",35,0,5,26,0,0,0,2017
"Uganda",1898,131,112,589,147,910,9,2017
"Ukraine",10135,1029,1151,4249,2030,1656,20,2017
"United Arab Emirates",1314,238,412,389,121,128,26,2017
"United Kingdom",10948,560,4319,5948,81,22,18,2017
"United States",409,0,39,298,0,23,34,2017
"Uruguay",1001,46,122,760,12,33,28,2017
"Uzbekistan",4095,610,152,787,2379,157,10,2017
"Venezuela",11809,773,3237,5507,1251,1001,40,2017
"Vietnam",38231,19218,1364,17515,4,73,57,2017
"Virgin Islands, British",25,7,0,17,0,0,1,2017
"Yemen",6029,1637,46,3936,275,132,3,2017
"Zambia",537,27,58,271,19,160,2,2017
"Zimbabwe",810,54,150,409,62,133,2,2017
"All other countries1",68,5,12,47,4,0,0,2017
"Unknown",1468,408,43,907,26,47,37,2017
